ID	Description	setSize	enrichmentScore	NES	pvalue	p.adjust	qvalue	rank	leading_edge	core_enrichment
GO:0000280	nuclear division	401	-0.605661825977281	-2.47135704187155	2.09545486652819e-29	1.71994935444633e-25	1.42998251575813e-25	2534	tags=40%, list=13%, signal=36%	KIF20B/VPS4A/DMC1/ANAPC15/HSPA1B/SLC2A8/CTDP1/CCDC8/MASTL/CEP85/CDKN1C/RNF212/GEN1/CHAMP1/POLDIP2/ACTR2/CNTD1/NUP62/LRP5/SMC2/RRS1/ANAPC11/TENT4A/CYP26B1/MAD2L2/AAAS/PPP1R9B/PPP2R1A/BORA/MND1/SMC1A/FANCM/KLHDC8B/CCDC86/NUDC/MUS81/REEP4/SMC4/CHMP6/PDGFRB/BRCA2/NDE1/RAD21/CENPK/PHF13/IGF2/MZT1/UBB/NDEL1/SEH1L/PDXP/PLCB1/FBXO5/CCNB2/OBSL1/PDE3A/KIF18A/CHMP1A/EML4/ASPM/PIN1/KIF14/SPDL1/WNT4/MAPRE1/BANF1/RANBP1/CENPF/BUB1B/RAD1/CALR/RIPOR2/FLNA/KNL1/CENPI/CKS2/CDCA2/PTTG1/CDC25C/PSRC1/SGO1/MTBP/DAPK3/KNTC1/NCAPD3/DLGAP5/NCAPH2/NUSAP1/KIF11/PLK1/KIF4A/CHMP3/FANCD2/CCNB1/SKA3/TUBG1/HSPA1A/NDC80/ZWILCH/NEK2/CENPX/CENPE/NUF2/BRIP1/RAD51AP1/RACGAP1/HASPIN/CDT1/KIF15/TPX2/NCAPG/INCENP/CDC20/TOP2A/MAD2L1/ESPL1/PRC1/RAD51/PSMC3IP/TGFB1/KNSTRN/TRIP13/XRCC3/KIF22/TTK/BUB1/MKI67/KIF18B/RAD54L/MYBL1/SPAG5/EME1/NCAPG2/BIRC5/FMN2/NCAPH/KIF23/KIF2C/ANLN/KIFC1/SKA1/UBE2S/SPC24/BMP4/ZWINT/AURKA/CDCA8/RGCC/MYBL2/UHRF1/FANCA/UBE2C/CDK1/HSPA2/AURKB/EDN1/SPC25/CCNE2/PKMYT1/DUSP1/SPHK1
GO:0140014	mitotic nuclear division	267	-0.660969560099427	-2.61024465778521	3.71234202155854e-28	1.01569677709842e-24	8.44460116693474e-25	2534	tags=45%, list=13%, signal=40%	CTDP1/CCDC8/CEP85/CDKN1C/GEN1/CHAMP1/POLDIP2/NUP62/LRP5/SMC2/RRS1/ANAPC11/TENT4A/MAD2L2/AAAS/PPP1R9B/PPP2R1A/BORA/SMC1A/KLHDC8B/CCDC86/NUDC/REEP4/SMC4/CHMP6/PDGFRB/NDE1/RAD21/CENPK/PHF13/IGF2/MZT1/NDEL1/SEH1L/PDXP/FBXO5/OBSL1/KIF18A/CHMP1A/EML4/PIN1/KIF14/SPDL1/MAPRE1/BANF1/RANBP1/CENPF/BUB1B/RIPOR2/FLNA/KNL1/CENPI/CDCA2/CDC25C/PSRC1/MTBP/DAPK3/KNTC1/NCAPD3/DLGAP5/NCAPH2/NUSAP1/KIF11/PLK1/KIF4A/CHMP3/CCNB1/SKA3/TUBG1/HSPA1A/NDC80/ZWILCH/NEK2/CENPE/NUF2/RACGAP1/HASPIN/CDT1/KIF15/TPX2/NCAPG/INCENP/CDC20/MAD2L1/ESPL1/PRC1/TGFB1/KNSTRN/TRIP13/XRCC3/KIF22/TTK/BUB1/MKI67/KIF18B/SPAG5/NCAPG2/BIRC5/NCAPH/KIF23/KIF2C/ANLN/KIFC1/SKA1/UBE2S/SPC24/BMP4/ZWINT/AURKA/CDCA8/RGCC/MYBL2/UHRF1/UBE2C/CDK1/AURKB/EDN1/SPC25/PKMYT1/DUSP1/SPHK1
GO:0007059	chromosome segregation	403	-0.584309655219382	-2.38224319448191	3.60714113819355e-26	7.40185361557316e-23	6.15397263129178e-23	2433	tags=36%, list=13%, signal=32%	ACTL6A/RNF212/LZTS2/BCL7B/GEN1/CHAMP1/POLDIP2/ACTR2/NUP62/SMC2/SMARCA4/RRS1/ANAPC11/TENT4A/CIAO2B/OIP5/MAD2L2/AAAS/ECT2/PPP2R1A/MND1/SMC1A/CENPL/RMI2/KLHDC8B/CCDC86/NUDC/SMC4/CHMP6/DSN1/NDE1/RAD21/RAD18/CENPK/PHF13/MZT1/NDEL1/SEH1L/SMARCD3/FBXO5/CCNB2/KIF18A/CHMP1A/EML4/ASPM/KIF14/SPDL1/MAPRE1/ERCC2/CENPF/CENPM/BUB1B/RIPOR2/CENPO/FLNA/KNL1/CENPI/DPF1/HAUS5/SGO2/CDCA2/PTTG1/BRCA1/PSRC1/SGO1/FAM83D/STIL/KNTC1/CENPN/NCAPD3/DLGAP5/NCAPH2/NUSAP1/KIF11/PLK1/KIF4A/CHMP3/FANCD2/CCNB1/SKA3/HJURP/HAUS8/TUBG1/HSPA1A/CENPW/NDC80/ZWILCH/NEK2/CENPX/BCL7A/CENPE/NTMT1/NUF2/BRIP1/RACGAP1/HASPIN/CDT1/KIF15/ESCO2/TPX2/NCAPG/INCENP/CDC20/TOP2A/MAD2L1/ESPL1/PRC1/TUBB/PSMC3IP/KNSTRN/TRIP13/XRCC3/KIF22/TTK/BUB1/MKI67/KIF18B/MAP1S/ACTB/SPAG5/DIAPH3/NCAPG2/CENPU/BIRC5/FMN2/NCAPH/KIF23/CDC6/KIF2C/KIFC1/SKA1/TACC3/SPC24/ZWINT/AURKA/CDCA8/MYBL2/UHRF1/UBE2C/CDK1/AURKB/SPC25/CCNE2/DUSP1
GO:0098813	nuclear chromosome segregation	299	-0.61963717166237	-2.4691966138273	8.01718570321861e-24	1.31610120504037e-20	1.09421926134666e-20	2433	tags=39%, list=13%, signal=35%	ACTL6A/RNF212/BCL7B/GEN1/CHAMP1/POLDIP2/ACTR2/NUP62/SMC2/SMARCA4/RRS1/ANAPC11/TENT4A/MAD2L2/AAAS/ECT2/PPP2R1A/MND1/SMC1A/RMI2/KLHDC8B/NUDC/SMC4/CHMP6/DSN1/RAD21/CENPK/PHF13/MZT1/SEH1L/SMARCD3/FBXO5/CCNB2/KIF18A/CHMP1A/EML4/ASPM/KIF14/SPDL1/MAPRE1/CENPF/BUB1B/RIPOR2/FLNA/KNL1/CENPI/DPF1/PTTG1/PSRC1/SGO1/FAM83D/KNTC1/NCAPD3/DLGAP5/NCAPH2/NUSAP1/KIF11/PLK1/KIF4A/CHMP3/FANCD2/CCNB1/SKA3/TUBG1/HSPA1A/NDC80/ZWILCH/NEK2/BCL7A/CENPE/NUF2/BRIP1/RACGAP1/HASPIN/CDT1/KIF15/TPX2/NCAPG/INCENP/CDC20/TOP2A/MAD2L1/ESPL1/PRC1/PSMC3IP/KNSTRN/TRIP13/XRCC3/KIF22/TTK/BUB1/KIF18B/MAP1S/ACTB/SPAG5/NCAPG2/BIRC5/FMN2/NCAPH/KIF23/CDC6/KIF2C/KIFC1/SKA1/TACC3/SPC24/ZWINT/AURKA/CDCA8/MYBL2/UHRF1/UBE2C/CDK1/AURKB/SPC25/CCNE2/DUSP1
GO:0051783	regulation of nuclear division	127	-0.717049151741775	-2.56893031383711	5.07296882043904e-19	5.20486600977046e-16	4.32737590301399e-16	2151	tags=47%, list=11%, signal=42%	NUP62/LRP5/ANAPC11/MAD2L2/BORA/PDGFRB/RAD21/IGF2/PDXP/PLCB1/FBXO5/OBSL1/PDE3A/PIN1/SPDL1/WNT4/CENPF/BUB1B/RAD1/CALR/KNL1/CDCA2/CDC25C/MTBP/DAPK3/KNTC1/DLGAP5/NUSAP1/PLK1/CCNB1/SKA3/NDC80/ZWILCH/NEK2/NUF2/RAD51AP1/HASPIN/INCENP/CDC20/MAD2L1/ESPL1/TRIP13/XRCC3/TTK/BUB1/MKI67/BIRC5/SKA1/SPC24/BMP4/ZWINT/AURKA/CDCA8/UBE2C/AURKB/EDN1/SPC25/PKMYT1/DUSP1/SPHK1
GO:0007088	regulation of mitotic nuclear division	107	-0.743420765399622	-2.58986673432233	6.4841874997998e-19	5.91357899981742e-16	4.91660673230434e-16	2151	tags=50%, list=11%, signal=45%	NUP62/LRP5/ANAPC11/MAD2L2/BORA/PDGFRB/RAD21/IGF2/PDXP/FBXO5/OBSL1/PIN1/SPDL1/CENPF/BUB1B/KNL1/CDCA2/CDC25C/MTBP/DAPK3/KNTC1/DLGAP5/NUSAP1/PLK1/CCNB1/SKA3/NDC80/ZWILCH/NEK2/NUF2/HASPIN/INCENP/CDC20/MAD2L1/ESPL1/TRIP13/XRCC3/TTK/BUB1/MKI67/BIRC5/SKA1/SPC24/BMP4/ZWINT/AURKA/CDCA8/UBE2C/AURKB/EDN1/SPC25/PKMYT1/DUSP1/SPHK1
GO:0006260	DNA replication	279	-0.573637528236347	-2.26497981151009	2.19857670417819e-17	1.80459175878946e-14	1.50035502875655e-14	2550	tags=37%, list=13%, signal=32%	RBBP8/DNAJA3/NYNRIN/MCMBP/RNF126/ACTL6A/RBBP7/GEN1/BLM/INO80E/RPA1/POLD1/PCNA/PARP1/PCLAF/WDHD1/PNKP/UPF1/SDE2/RFC4/POLD3/TIMELESS/ZPR1/RMI2/FANCM/DONSON/GTPBP4/MUS81/DNA2/RUVBL2/BRCA2/POLA1/WEE1/DBF4/TFPT/DYNLL1/RRM1/POLE2/FBXO5/PRIM1/CHTF8/RFWD3/CHTF18/TIPIN/RFC5/INO80C/GMNC/BARD1/LRWD1/PTMS/PRIM2/RFC3/E2F8/ORC1/GLI2/GINS3/BRCA1/POLE/TONSL/MCM6/MCM4/MCM7/ATAD5/GINS4/TRAIP/RFC2/CENPX/CDT1/POLQ/CCNA2/POLA2/ESCO2/LIG1/MCM3/RAD51/MCM8/CHAF1B/CHAF1A/ORC6/TICRR/RECQL4/EXO1/EME1/RNASEH2A/CDC6/TNFAIP1/MCM2/MCM5/GINS1/CDC45/TK1/CDK2/GINS2/DTL/FEN1/ADRA2A/CDK1/CDC25A/FAM111B/MCM10/CCNE2/ID3
GO:0090068	positive regulation of cell cycle process	237	-0.586465940958786	-2.28267160848784	1.02899751626694e-15	7.67819237592639e-13	6.38372334732877e-13	2157	tags=36%, list=11%, signal=32%	SFPQ/NUP62/LRP5/SMC2/ANAPC11/ECT2/SLF1/PPP1R35/SMC4/PDGFRB/WEE1/DBF4/RAD21/RAD18/IGF2/RRM1/AKT1/TFDP1/SMARCD3/PLCB1/FBXO5/CIT/KIF14/WNT4/RANBP1/CENPV/RHNO1/CCND1/EZH2/PLK4/KNL1/STOX1/E2F8/GIPC1/CDC25C/TBX2/MTBP/FAM83D/STIL/NCAPD3/DLGAP5/NCAPH2/NUSAP1/CCND3/CHMP3/CCNB1/SKA3/POC1A/ATAD5/NDC80/RAD51AP1/RACGAP1/NCAPG/INCENP/CDC20/RAB11FIP4/MAD2L1/ESPL1/PKP4/TGFB1/XRCC3/BUB1/DRD2/SPAG5/NCAPG2/BIRC5/NCAPH/MIR221/KIF23/CDC6/SKA1/AURKA/CDCA8/RGCC/DTL/FEN1/UBE2C/CDK1/HSPA2/AURKB/RRM2/CDC25A/EDN1/CCNE2/SPHK1
GO:0051983	regulation of chromosome segregation	126	-0.680025921619691	-2.42971858927472	1.92409140022759e-15	1.31607851775567e-12	1.0942003989189e-12	2433	tags=44%, list=13%, signal=39%	ACTL6A/BCL7B/GEN1/SMC2/SMARCA4/ANAPC11/MAD2L2/RMI2/SMC4/RAD21/RAD18/SMARCD3/FBXO5/SPDL1/CENPF/BUB1B/KNL1/DPF1/KNTC1/NCAPD3/DLGAP5/NCAPH2/PLK1/CCNB1/SKA3/NDC80/ZWILCH/BCL7A/CENPE/NUF2/HASPIN/NCAPG/INCENP/CDC20/MAD2L1/ESPL1/TRIP13/XRCC3/TTK/BUB1/ACTB/NCAPG2/BIRC5/NCAPH/CDC6/KIF2C/SKA1/TACC3/SPC24/ZWINT/CDCA8/UBE2C/CDK1/AURKB/SPC25/DUSP1
GO:0006959	humoral immune response	147	0.687655068804255	2.541963390356	2.45534515049806e-15	1.5502671534837e-12	1.2889070939821e-12	1179	tags=22%, list=6%, signal=21%	CFB/C3/CXCL1/CXCL6/CXCL3/CXCL2/CCL2/CXCL8/CXCL5/IL6/C1R/C1S/BCL3/C1RL/CXCL12/C2/SPNS2/IFNE/TNFRSF21/GATA6/CLU/LGALS3/TRAF3IP2/C7/C6/PF4V1/CX3CL1/PF4/B2M/PSMB10/RNASE4/PLA2G6
GO:1902850	microtubule cytoskeleton organization involved in mitosis	167	-0.601351519077048	-2.25695969442977	7.68625838666325e-13	2.74299168859704e-10	2.2805497995761e-10	2334	tags=39%, list=12%, signal=35%	SPRY1/POLDIP2/SBDS/NUP62/AAAS/PTPA/GNAI1/BORA/SMC1A/ILK/NUDC/VCP/CHMP6/NDE1/MZT1/NDEL1/CHMP1A/PLK5/GPSM1/SPDL1/MAPRE1/CENPA/RIPOR2/FLNA/STMN1/PSRC1/SAPCD2/STIL/DLGAP5/NUSAP1/KIF11/PLK1/KIF4A/CHMP3/CCNB1/POC1A/TUBG1/HSPA1A/NDC80/NEK2/FAM110A/CENPE/NUF2/RACGAP1/KIF15/TPX2/INCENP/CDC20/MAD2L1/ESPL1/PRC1/TTK/MAP1S/BIRC5/KIF23/KIFC1/TACC3/AURKA/CDCA8/WDR62/MYBL2/UHRF1/CDK1/AURKB/SPC25
GO:0000075	cell cycle checkpoint signaling	181	-0.587851884808105	-2.22131927756172	1.1145005872269e-12	3.51839262306092e-10	2.92522563036113e-10	2373	tags=40%, list=12%, signal=36%	USP44/DGKZ/CCAR2/VPS4A/TTI2/ANAPC15/RBBP8/RAD9A/GEN1/BLM/PRPF19/TAOK2/IER3/MAD2L2/SDE2/TIMELESS/DONSON/MUS81/DNA2/MDC1/BRCA2/MSH2/SPDL1/RFWD3/TELO2/CENPF/TIPIN/RHNO1/BARD1/BUB1B/CCND1/RAD1/KNL1/ORC1/BRCA1/KNTC1/PLK1/FANCD2/CCNB1/SKA3/NDC80/ZWILCH/NUF2/BRIP1/HASPIN/CDT1/DOT1L/INCENP/CDC20/MAD2L1/RAD51/WDR76/TRIP13/XRCC3/TICRR/TTK/BUB1/EME1/E2F1/BIRC5/CDC6/SKA1/SPC24/CDC45/ZWINT/CDCA8/CDK2/CLSPN/DTL/CDK1/AURKB/SPC25/DUSP1
GO:0140694	membraneless organelle assembly	415	-0.469684863507116	-1.91808662758538	1.47755178463446e-12	4.18198105113092e-10	3.47693946271695e-10	2486	tags=27%, list=13%, signal=24%	RCC1L/CEP85/ALKBH5/LZTS2/RRP7A/FARP2/POLDIP2/SBDS/NUP62/RRS1/SRC/AUP1/PWP2/AAAS/MOSPD2/PPP2R1A/RRP7BP/NEGR1/PLEC/SMC1A/MPV17L2/ERAL1/PPP1R35/CHMP6/MSN/PDGFRB/C2CD3/CENPK/MZT1/BOP1/CSRP2/CEP72/RBM14/FBXO5/STYXL1/CCNB2/BRIX1/OBSL1/CFL2/CHMP1A/DAB2IP/ASPM/LSM4/DOCK5/MAPRE1/DHX37/CENPF/CENPA/RIPOR2/FUS/PLK4/FLNA/HAUS5/JMJD6/BRCA1/DBNL/STIL/KNTC1/DLGAP5/KIF11/PLK1/KIF4A/CHMP3/SKA3/HAUS8/HSPA1A/SRF/CENPW/MYOZ1/NDC80/NEK2/CENPX/CENPE/ACTG1/EZR/RACGAP1/KIF15/TPX2/INCENP/CDC20/PRC1/FSCN1/TUBB/TPM1/MYPN/FLNC/SPAG5/WDR1/DIAPH3/BIRC5/KIF23/PISD/TNNT2/ANLN/KIFC1/SKA1/AURKA/CDCA8/WDR62/CDK2/MYBL2/UHRF1/CSRP1/MYOM1/AURKB/EDN1/KRT19/MYL9/LMOD1/MYH10/ANKRD1/ACTC1
GO:0050000	chromosome localization	117	-0.656515422340731	-2.31403258451402	1.65566714686384e-12	4.52990531381947e-10	3.76620705723448e-10	2319	tags=44%, list=12%, signal=39%	CHAMP1/ACTR2/NUP62/RRS1/ECT2/NUDC/CHMP6/DSN1/LMNA/NDE1/NDEL1/SEH1L/KIF18A/CHMP1A/EML4/KIF14/SPDL1/MAPRE1/CENPF/KNL1/PSRC1/SGO1/FAM83D/KNTC1/DLGAP5/CHMP3/CCNB1/SKA3/NDC80/ZWILCH/NEK2/CENPE/NUF2/RACGAP1/CDT1/INCENP/KNSTRN/KIF22/TTK/MAP1S/SPAG5/BIRC5/FMN2/KIF2C/KIFC1/SKA1/SPC24/ZWINT/CDCA8/CDK1/AURKB/SPC25
GO:0033044	regulation of chromosome organization	232	-0.545046798574046	-2.10683442510042	3.31554959056749e-12	7.55945306649389e-10	6.28500233790908e-10	2466	tags=33%, list=13%, signal=29%	HNRNPA2B1/CCT7/ACTL6A/CCT5/BCL7B/GEN1/SFPQ/SMC2/INO80E/SMARCA4/ANAPC11/SRC/MAD2L2/PARP1/PNKP/UPF1/RMI2/SLF1/RUVBL2/WRAP53/SMC4/LMNA/RAD21/TFPT/ACD/SMARCD3/FBXO5/SPDL1/AXIN2/CENPF/HSP90AA1/CENPV/INO80C/BUB1B/KNL1/DPF1/KNTC1/NCAPD3/DLGAP5/NCAPH2/PLK1/CCNB1/SKA3/NDC80/ZWILCH/NEK2/BCL7A/CENPE/NUF2/HASPIN/NCAPG/INCENP/CDC20/MAD2L1/ESPL1/TRIP13/XRCC3/TTK/BUB1/ACTB/NCAPG2/BIRC5/NCAPH/CDC6/SKA1/TACC3/SPC24/ZWINT/CDCA8/CDK2/FEN1/UBE2C/CDK1/AURKB/SPC25/DUSP1
GO:0051321	meiotic cell cycle	244	-0.536754989212255	-2.09695365875676	4.55806603563412e-12	9.8454226369697e-10	8.18557953158338e-10	2708	tags=32%, list=14%, signal=28%	DMC1/ANAPC15/SLC2A8/TOP3A/RBBP8/MASTL/RNF212/ACTR2/CNTD1/SMC2/RPA1/ANAPC11/CYP26B1/PPP2R1A/MND1/SMC1A/FANCM/MUS81/SMC4/BRCA2/RAD21/UBB/PLCB1/FBXO5/CCNB2/PDE3A/KIF18A/ASPM/MNS1/WNT4/RAD1/CALR/KNL1/CKS2/SGO2/PTTG1/CDC25C/SGO1/NCAPD3/NCAPH2/PLK1/FANCD2/SKA3/TUBG1/NDC80/NEK2/CENPX/NUF2/BRIP1/XRCC2/RAD51AP1/MYH9/INCENP/CDC20/TOP2A/ESPL1/RAD51/PSMC3IP/TRIP13/TTK/RAD54L/MYBL1/EXO1/EME1/FMN2/NCAPH/SKA1/LFNG/ZWINT/AURKA/CDK2/FANCA/HSPA2/CDC25A/EDN1/CCNE2/PKMYT1/DUSP1
GO:0141060	disruption of anatomical structure in another organism	70	0.760226152095596	2.52902345408949	9.38961216382718e-12	1.83499849144508e-09	1.52563548015267e-09	494	tags=24%, list=3%, signal=24%	CFB/C3/CXCL1/CXCL6/CXCL3/CXCL2/CXCL8/C1R/C1S/GBP2/PIM1/CXCL12/C2/APOL1/LGALS3/C7/C6
GO:0031640	killing of cells of another organism	66	0.763866545642365	2.51891681375257	1.57174194453911e-11	2.86685730683934e-09	2.38353287168352e-09	494	tags=26%, list=3%, signal=25%	CFB/C3/CXCL1/CXCL6/CXCL3/CXCL2/CXCL8/C1R/C1S/GBP2/PIM1/CXCL12/C2/APOL1/LGALS3/C7/C6
GO:0141061	disruption of cell in another organism	66	0.763866545642365	2.51891681375257	1.57174194453911e-11	2.86685730683934e-09	2.38353287168352e-09	494	tags=26%, list=3%, signal=25%	CFB/C3/CXCL1/CXCL6/CXCL3/CXCL2/CXCL8/C1R/C1S/GBP2/PIM1/CXCL12/C2/APOL1/LGALS3/C7/C6
GO:0061844	antimicrobial humoral immune response mediated by antimicrobial peptide	57	0.772566547568718	2.49603458222085	1.59781566844914e-10	2.30085456256676e-08	1.9129527199549e-08	965	tags=23%, list=5%, signal=22%	CXCL1/CXCL6/CXCL3/CXCL2/CCL2/CXCL8/CXCL5/CXCL12/LGALS3/PF4V1/CX3CL1/PF4/B2M
GO:0007015	actin filament organization	419	-0.440700755730862	-1.80477395969603	1.66128087826497e-09	2.16441165853951e-07	1.79951277089254e-07	2924	tags=33%, list=15%, signal=29%	MYO5B/SSH1/CLASP2/SPTBN2/TESK1/RFLNB/DNM2/PFN2/C15orf62/GBA2/GRB2/ARF6/CTTN/BAIAP2/PICK1/LUZP1/RHPN2/TMSB10/ARPC1B/FCHSD1/NCK2/SLIT2/RND2/INPP5K/ACTR2/TGFB3/F11R/SHANK1/HAX1/CAPZB/ELMO2/TAGLN2/SDC4/SRC/TMSB4X/MAD2L2/PPP1R9B/SSH3/LIMD2/PRKCD/ARF1/MSRB1/PLEC/ARPC5L/NF2/ARPC2/HIP1/ALDOA/MYO19/SWAP70/CDC42EP2/PDXP/MARCKS/PDLIM3/ARPC4/RAC2/LIMA1/CFL2/TPM3/GAS2L3/GAS2L1/SAMD14/RHOBTB1/TMSB15A/INF2/CAP1/BAIAP2L1/TPM4/MICAL3/WNT4/BIN3/DBN1/PFN1/DSTN/CNN3/COTL1/RHOF/PLS3/SYNPO2/FERMT2/PTK2B/RHOBTB2/FLNA/CFL1/RAPGEF3/STMN1/ARPC5/DLC1/SYNPO/MYO1B/CAP2/DIAPH1/MTSS1/MYO1E/RHOC/PAWR/EMP2/SH3BP1/VASP/CORO1C/CDC42EP1/FHDC1/SRF/CNN2/DAAM2/ENAH/ACTG1/EZR/CALD1/BCAR1/MET/CARMIL2/TPM2/FSCN1/TPM1/ZYX/KANK1/MYO1C/RGS4/CNN1/IQGAP3/WDR1/DIAPH3/FMN2/TNFAIP1/SH3D21/MICAL2/RHOB/PLEKHG2/ACTN1/RGCC/MYADM/SHROOM3/LIMCH1/MYL9/SFRP1/LMOD1/SORBS1/NEDD9/ACTC1
GO:0000910	cytokinesis	168	-0.549335627313566	-2.06055253216972	2.8675210210064e-09	3.62101731391085e-07	3.01054879015134e-07	2764	tags=40%, list=14%, signal=35%	EXOC6/ANXA11/CALM1/ROCK1/CNTROB/FSD1/RHOA/RAB11FIP3/KIF20B/VPS4A/ARF6/RAB35/ATXN10/LUZP1/LZTS2/POLDIP2/ACTR2/DCTN3/NUP62/ECT2/ARF1/BCL2L1/PLEC/KLHDC8B/MYO19/CHMP6/BRCA2/PDXP/CIT/CALM3/CHMP1A/PIN1/KIF14/BIN3/CENPV/CKAP2/CENPA/CFL1/E2F8/STMN1/GIPC1/KIF20A/RHOC/NUSAP1/PLK1/KLHL13/KIF4A/CHMP3/RACGAP1/MYH9/CEP55/INCENP/RAB11FIP4/ESPL1/PRC1/PKP4/DRD2/IQGAP3/BIRC5/FMN2/KIF23/CDC6/ANLN/RHOB/AURKA/CDCA8/AURKB/MYH10
GO:0009617	response to bacterium	494	0.423742199368336	1.77858655795032	2.9315843778703e-09	3.64582493538779e-07	3.03117408640082e-07	1471	tags=16%, list=8%, signal=15%	SOD2/CFB/C3/CXCL6/TNFAIP3/CXCL2/PTGFR/CCL2/CXCL8/CXCL5/ZC3H12A/NFKBIZ/IL6/IRAK2/NFKBIA/BCL3/GBP2/GCH1/SLC9A9/FAM20A/PIM1/C2/TNFRSF14/IRAK3/TLR3/ADAM17/OPTN/P2RX7/HERC6/HMCN1/IFI44/IFNE/ERAP1/CYLD/PRKCE/TENT5A/NFKB2/LY96/LYST/PF4V1/NLRC5/PLSCR4/NR1D1/ASS1/CARD8/MACROD2/EPHB2/CUBN/CX3CL1/VCAM1/PF4/ADAMTS13/GBP4/B2M/TLR1/SASH1/CCDC186/TAB3/RNASE4/RNF213/PPM1E/NFKB1/TLR2/BDKRB1/FKBP5/CASP1/PLA2G6/TLR6/JAK2/FER1L6/SLC22A5/CASP4/LIAS/SLC22A4/MMP3/CASP8/HLA-B/FBXO3
GO:0051052	regulation of DNA metabolic process	457	-0.421005410124823	-1.74082055248782	5.41229783807599e-09	6.53296186101879e-07	5.43156762914035e-07	2487	tags=24%, list=13%, signal=21%	APAF1/HNRNPA2B1/RNF126/DEK/CCT7/ACTL6A/CCT5/BCL7B/ACTR2/EXOSC6/BLM/CLCF1/DFFA/TAF6L/TAF10/INO80E/SMARCA4/IER3/SRC/PCNA/PARPBP/MAD2L2/PARP1/MORF4L2/SENP3/PNKP/UPF1/PRKCD/RFC4/TIMELESS/RMI2/SLF1/GTPBP4/VPS72/DNA2/FOXM1/RUVBL2/WRAP53/PDGFRB/MDC1/WEE1/DBF4/LMNA/TFPT/DYNLL1/ACD/AKT1/TFDP1/SMARCD3/FBXO5/UBE2N/MSH2/CHTF8/AXIN2/ERCC2/CHTF18/NSD2/TIPIN/AUNIP/HSP90AA1/SUV39H1/RFC5/KPNA2/INO80C/GMNC/BARD1/NUDT16L1/RFC3/FUS/DPF1/STOX1/E2F8/GLI2/SMOC2/BRCA1/EYA2/MCM6/MCM4/PLK1/MCM7/ATAD5/RFC2/NEK2/BCL7A/RAD51AP1/CDT1/POLQ/CCNA2/ESCO2/MCM3/RAD51/SKP2/TGFB1/TICRR/ACTB/FANCB/FMN2/MIR221/CDC6/TNFAIP1/MCM2/MCM5/CDK2/CDK1/AURKB/CDC25A/DUSP1/IL7R/ANKRD1/ID3
GO:0007249	canonical NF-kappaB signal transduction	319	0.46612457374831	1.89209949098336	7.34610413104167e-09	8.73866995762174e-07	7.26541465774877e-07	2281	tags=24%, list=12%, signal=22%	SLC39A8/TNFAIP3/TNFSF14/NAMPT/RELB/ZC3H12A/IRAK2/NFKBIA/TNFSF10/GPRC5B/BCL3/BIRC3/APOL3/TGFBR3/SQSTM1/IRAK3/TLR3/OPTN/TRIM22/KLF4/SLCO3A1/PELI2/EDA2R/REL/CYLD/PRKCE/TRAF3IP2/NFKB2/IL1R1/ESR1/IKBKE/TRIM13/NR1D1/CARD8/ALPK1/TRIM8/CX3CL1/S100A4/WLS/CFLAR/PIDD1/TRAF3/IRAK1BP1/TAB3/LURAP1L/NFKB1/TLR2/TIFA/NFAT5/TNFSF15/CASP1/TLR6/TRIM52/RORA/SIRT1/SECTM1/AKAP13/PSMA6/CASP8/LPAR1/STAT1/TFRC/TNIP1/ANGPT1/AZI2/UBE2V1/PRKN/TNFRSF10B/MAP2K5/ZDHHC17/RIPK2/ABL1/TNFRSF1A/ZC3HAV1/LIMS1/CTH/EDNRA/BIRC2
GO:0006958	complement activation, classical pathway	19	0.913668695252857	2.36410359401183	1.48033313017332e-08	1.73579633320895e-06	1.44315784705468e-06	494	tags=42%, list=3%, signal=41%	C3/C1R/C1S/C1RL/C2/CLU/C7/C6
GO:0044093	positive regulation of molecular function	438	-0.423565979038969	-1.74166788766213	2.07104046020069e-08	2.36098612462879e-06	1.96294668179548e-06	2282	tags=24%, list=12%, signal=22%	CSF1R/IKBKG/RHEBL1/RASSF2/TCF3/RAP1GAP/SRC/PCNA/RSU1/SKI/TMSB4X/MST1R/CIB1/ECT2/SGK1/PRKCD/RFC4/ZNF622/NRG1/STAC2/KIT/ARID5B/MAP4K2/EVI5L/CAMK1/PRELID1/TCIM/PDGFRB/MYD88/DNAJC9/EPHA5/ERBB2/NDEL1/RPS6KA4/AKT1/TFDP1/FANK1/TRPC6/TBC1D2/UBE2N/CHTF8/CAP1/TRAF4/GPSM1/KIF14/IL18/JPH2/CHTF18/CACNA1C/TRAF5/RFC5/PTK2B/PLAUR/RFC3/EZH2/SYDE1/PIP5K1A/RIPOR2/FGF1/ARHGAP11A/RAPGEF3/STOX1/STMN1/MAP2K1/ITGA6/DOCK10/CAP2/PLA2G5/RHOC/PLK1/CACNB3/SH3BP1/CORO1C/RANGAP1/HSPA1A/SRF/SIPA1L1/RFC2/CENPE/CDT1/ADORA2B/TPX2/CDC20/MET/STAC/EPHA2/ROR1/TNNT2/UBE2S/BMP4/FLT1/TPD52L1/CLSPN/ACTN4/CEMIP/MBP/UBE2C/VSIR/MAP2K3/EDN1/SPHK1/FGFR3/TGM2/RASGRP2/FGFR2/NEDD9/LEP
GO:0002250	adaptive immune response	342	0.447774757400507	1.81923217982672	2.15948679150541e-08	2.42809144995567e-06	2.01873869781249e-06	1663	tags=18%, list=9%, signal=17%	C3/TNFAIP3/RELB/ZC3H12A/NFKBIZ/ICAM1/IL6/C1R/C1S/IL18R1/BCL3/C1RL/IRF1/TNFSF13B/C2/TNFRSF14/ADAM17/CTSS/P2RX7/BTN3A1/IFNE/TNFRSF21/ADA/PRDM1/CLU/ERAP1/BTN3A2/TRAF3IP2/C7/NFKB2/BTN3A3/IL1R1/C6/TXK/LIG4/JUNB/ERAP2/PMS2/EPHB2/UNC13D/HLX/JAG1/MCOLN2/TAP1/B2M/JAK2/PLA2G4A/RORA/PAG1/IL20RB/SEMA4A/SIRT1/SECTM1/IRF7/HLA-B/FYN/TFRC/TSC1/ENTPD7/BACH2/TNFRSF1B
GO:0001906	cell killing	161	0.564213214570003	2.08385617082507	2.53760644717243e-08	2.77715649578551e-06	2.30895475045879e-06	771	tags=15%, list=4%, signal=14%	CFB/C3/CXCL1/CXCL6/CXCL3/CXCL2/CXCL8/ICAM1/C1R/C1S/GBP2/PIM1/CXCL12/C2/P2RX7/APOL1/CLU/PIK3R1/LGALS3/C7/C6/LYST/UNC13D/PF4
GO:0007517	muscle organ development	315	-0.43889761178104	-1.76077144542049	1.84490429590434e-07	1.76081098381196e-05	1.46395526932042e-05	3043	tags=29%, list=16%, signal=25%	ANKRD2/ZBTB18/TNNC1/CTF1/TLL2/NOTCH1/IGSF8/MYH3/EMD/SFMBT1/KRAS/TEAD4/MEOX2/SOX6/MEF2C/EID2B/SGCE/MED20/FLOT1/AKIRIN1/FOXN2/NR2F2/VAMP5/SGCG/CYP26B1/SKI/GMPPA/NEGR1/NRG1/MAFF/PLEC/GSC/ARID5B/LMNA/DAG1/MEF2D/IGF2/CITED2/DSP/ATF3/S100B/CFL2/SAP30/HIVEP3/KLF5/BIN3/JPH2/MIR145/ENG/WNT2/SPEG/CENPF/COPRS/EFEMP2/SMAD7/RIPOR2/MKX/ERBB3/HBEGF/PITX2/ITGA7/FLNB/FGFRL1/SMTN/MYOZ1/DES/MYL6/FZD1/FOXC2/EGR1/TPM1/TGFB1/MYORG/EGR3/FHL1/TNNT2/FOS/RBM24/BMP4/MYOM1/NOG/ADARB1/RCAN1/TAGLN/HEYL/SOX8/FGFR2/CRYAB/ANKRD1/ID3/NR4A1/ACTC1
GO:0007163	establishment or maintenance of cell polarity	218	-0.4735687369295	-1.83608167099184	1.96822551435386e-07	1.83581761611551e-05	1.52631650832011e-05	3650	tags=40%, list=19%, signal=33%	SPRY2/STK25/INPPL1/PARVB/FAT1/CRK/HES1/ROCK1/WDPCP/SYNE4/SKA2/FLOT2/PRICKLE1/RHOA/DCTN1/GBF1/GPSM2/ARF4/PRKCI/ERBIN/PTK7/MAP1B/CLASP2/MAP4/PARVA/KIF20B/PKD1/PARD6G/ARF6/CYTH1/ALPK2/MYO18A/RAP1B/FRMD4A/LAMA1/SPRY1/CLIC4/ACTR2/CYP26B1/PARD6A/JAM3/MPP7/AMOTL1/ILK/CYTH3/FAM89B/MSN/SIPA1L3/WEE1/LMNA/NDE1/CCDC85C/NDEL1/RAC2/RHOBTB1/CAP1/GPSM1/SPDL1/MAPRE1/CENPA/CTNNA1/RIPOR2/RHOBTB2/CFL1/TEK/CAP2/SAPCD2/PLK1/SH3BP1/SKA3/NDC80/AMOTL2/EZR/MYH9/CARMIL2/MAD2L1/FSCN1/ANK1/KANK1/PLEKHG3/ACTB/SPAG5/WDR1/ANKRD6/DIAPH3/KIF2C/SKA1/AQP1
GO:0042692	muscle cell differentiation	367	-0.417110931374934	-1.69517629001351	2.96079930075937e-07	2.6131441570573e-05	2.17259330694091e-05	1790	tags=23%, list=9%, signal=22%	NRG1/PLEC/CD9/KIT/RBPMS2/CAMK1/PDGFRB/SORT1/MIR125B1/LMNA/MRTFA/PTBP1/IGF2/RARB/CSRP2/NEO1/AKT1/SMARCD3/ZNHIT1/PLEKHO1/EHD2/OBSL1/CFL2/DOCK5/KLF5/WNT4/BIN3/MIR145/ENG/FZD7/SPEG/EFEMP2/MTLN/SORBS2/CALR/EZH2/PI16/RIPOR2/ATP2A2/ADM/TBX2/IRX3/PITX2/ITGA8/DKK1/SLC8A1/DMPK/CCNB1/WNT5B/SRF/MYOZ1/HDAC5/ACTG1/MYH9/SDC1/TPM1/MYPN/TGFB1/MYORG/RGS4/FLNC/PDLIM5/WDR1/MIR221/TNNT2/EHD1/FHL2/RBM24/BMP4/ACTN1/BDNF/ACTN4/CSRP1/SYPL2/MYOM1/CDK1/RCAN1/EDN1/KRT19/MYL9/LMOD1/FGFR2/MYH10/OLFM2/ANKRD1/ACTC1
GO:0003012	muscle system process	390	-0.411502370121891	-1.67717542146671	2.96009828302731e-07	2.6131441570573e-05	2.17259330694091e-05	2553	tags=25%, list=13%, signal=22%	ORMDL3/KCNE3/CTDP1/MIR23A/SCN2B/KCND3/KLF15/GTF2IRD1/RGS2/MIR24-1/SNTB1/GDNF/GAMT/COMP/EHD3/PARP1/CHRNE/GJC1/GNAI1/CHRM3/GRK2/STAC2/PRKACA/FXYD1/KIT/ALDOA/PDGFRB/LMNA/DAG1/ABAT/MYOF/DSP/TPM3/CALM3/MYH2/DOCK5/TPM4/PTGER3/JPH2/MIR145/CACNA1C/HSP90AA1/STC1/CYBA/ENO1/SMAD7/ADRA1B/SORBS2/EZH2/PI16/FLNA/ATP2A2/MAP2K1/TRPM4/ATP1B1/TBX2/KCNA1/DAPK3/REM1/SLC8A1/ANXA6/DMPK/SMTN/SRF/MYOZ1/DES/MYL6/ADORA2B/CALD1/PDE9A/TPM2/STAC/TPM1/NR4A3/DRD2/RGS4/CNN1/PDLIM5/TNNT2/ADRA2C/PPP1R13L/ACTA2/ADRA2A/MAP2K3/EDN1/MYL9/NPR3/PDE4D/SPHK1/PDE4B/LMOD1/LMCD1/CRYAB/OXTR/LEP/NMU/ACTC1
GO:0060326	cell chemotaxis	237	0.471159782462733	1.85269441073994	5.06527956295586e-07	4.12652622869758e-05	3.43083378740207e-05	890	tags=15%, list=5%, signal=15%	TNFAIP6/C3/CXCL1/CXCL6/CXCL3/CH25H/CXCL2/CCL2/CXCL8/TNFSF14/CXCL5/CYP7B1/CYP19A1/IL6/IL16/ACKR4/DPP4/MMP2/CXCL12/AGTR1/ADAM17/HGF/LGALS3/IL34/PDGFRA/LYST/DOCK4/PF4V1/IL17RC/CX3CL1/ABCC1/VCAM1/PF4/CSF1/MTUS1/ACKR3
GO:0006935	chemotaxis	360	0.418675367522742	1.7115324144318	6.36070632054766e-07	5.02006514221685e-05	4.17373067571968e-05	1394	tags=16%, list=7%, signal=15%	TNFAIP6/C3/CXCL1/CXCL6/CXCL3/CH25H/CXCL2/CCL2/CXCL8/TNFSF14/CXCL5/CYP7B1/CYP19A1/SEMA3C/IL6/IL16/EFNA5/ACKR4/DPP4/MMP2/CXCL12/ENPP2/STX3/AGTR1/ADAM17/GPNMB/PLD1/TYMP/HGF/LGALS3/F3/IL34/PDGFRA/LYST/DOCK4/PF4V1/IL17RC/AMOT/CX3CL1/ABCC1/ROBO1/VCAM1/CDH13/S100A4/PF4/CSF1/MTUS1/ACKR3/VEGFC/ITGA2/KIF21A/PLA2G6/SEMA4A/ADGRA2/ITGA9/PDGFA/LPAR1
GO:0071459	protein localization to chromosome, centromeric region	24	-0.814044462237414	-2.15010805139231	8.50726030420059e-07	6.34796296153441e-05	5.27775775618492e-05	1176	tags=50%, list=6%, signal=47%	SPDL1/CENPA/JARID2/BUB1B/KNL1/MTBP/KNTC1/ZWILCH/HASPIN/TTK/CDK1/AURKB
GO:0044839	cell cycle G2/M phase transition	152	-0.519941794103892	-1.91540905113099	9.83405110516808e-07	7.09382603781824e-05	5.89787552621007e-05	1715	tags=28%, list=9%, signal=26%	DONSON/GTPBP4/FOXM1/WEE1/RAD21/RRM1/SMARCD3/PLCB1/FBXO5/CCNB2/CALM3/KIF14/CENPF/BARD1/CCND1/STOX1/ORC1/CDC25C/BRCA1/PLK1/MELK/CCNB1/ATAD5/NDC80/CCNA2/CDC20/NES/SKP2/TICRR/PPME1/BIRC5/FHL1/CDC6/AURKA/TPD52L1/CDK2/CLSPN/DTL/CDK1/HSPA2/AURKB/CDC25A/PKMYT1
GO:0030239	myofibril assembly	63	-0.642893043245249	-2.08570913061459	1.26690308603729e-06	8.88781241896929e-05	7.38941314150225e-05	1761	tags=35%, list=9%, signal=32%	PLEC/PDGFRB/CSRP2/OBSL1/CFL2/SRF/MYOZ1/ACTG1/TPM1/MYPN/FLNC/WDR1/TNNT2/CSRP1/MYOM1/EDN1/KRT19/MYL9/LMOD1/MYH10/ANKRD1/ACTC1
GO:0099188	postsynaptic cytoskeleton organization	20	-0.825105625857775	-2.11067960515398	1.8106041576551e-06	0.000123845324383609	0.000102966199597176	1544	tags=45%, list=8%, signal=41%	INA/DBNL/NEFH/ENAH/ACTG1/EZR/ACTB/KIF2C/MYH10
GO:1905952	regulation of lipid localization	144	0.516758652478798	1.90239164651011	2.78728412291415e-06	0.00018157165143555	0.000150960425804949	1981	tags=26%, list=10%, signal=24%	C3/ZC3H12A/CYP19A1/IL6/NFKBIA/CES1/CLSTN3/ATP8A1/AGTR1/P2RX7/PTCH1/ACACB/C1QTNF1/FABP3/ABCA7/IKBKE/ABHD5/NKX3-1/PLA2R1/PCSK9/DAB2/PPARG/LPCAT3/ABCA8/ABCA5/LRP1/ACSL1/PLIN2/NFKB1/PLA2G4A/GDF9/SIRT1/ACSL5/ITGAV/PLTP/PRKN/APOE/P2RX4
GO:0008202	steroid metabolic process	275	0.434365832895148	1.72836045964248	3.31248584367891e-06	0.00021241315472591	0.000176602349708638	2384	tags=23%, list=12%, signal=20%	CH25H/AKR1C2/CYP7B1/HSD11B1/NR0B1/CYP19A1/AKR1C1/AKR1C3/INSIG1/CES1/AKR1B1/HMGCS1/MSMO1/PRKG1/AGTR1/LSS/FAXDC2/APOL1/DGAT2/HMGCR/DHCR7/FDFT1/PDGFRA/ESR1/SC5D/NR1D1/PCSK9/CUBN/DAB2/FMO5/LPCAT3/CYP51A1/ABCA5/FDXR/SCARF1/STARD4/EPHX2/NFKB1/IDI1/CYP4V2/RORA/CYP1B1/SIRT1/DHRS2/HSD17B7/MVK/ERG28/SQLE/AKR1B15/NPC2/APOE/CYP2U1/LIPA/AFP/SNAI2/NSDHL/GPR146/MVD/OSBPL1A/ASAH1/HSD3B7/FDPS
GO:0050727	regulation of inflammatory response	329	0.418387577405508	1.69912226317404	4.26714671958999e-06	0.000267364429575532	0.000222289370695877	2490	tags=22%, list=13%, signal=19%	TNFAIP6/C3/SLC39A8/TNFAIP3/NFKBIZ/CYP19A1/IL6/NFKBIA/GPRC5B/IL16/GBP2/BIRC3/MAP3K8/HTR2A/LACC1/TLR3/AGTR1/NMI/KLF4/HGF/ADA/LRRK2/CYLD/IFI16/RICTOR/IL1R1/AKNA/ESR1/NR1D1/CARD8/CD47/NEAT1/SETD6/CX3CL1/ABCC1/PPARG/LPCAT3/NR1D2/IFI35/NAPEPLD/NFKB1/TLR2/CASP1/TLR6/JAK2/CASP4/RORA/IL20RB/PSMA6/MMP3/CASP8/MVK/FYN/TNIP1/TNFRSF1B/NINJ1/CALHM2/SYT11/FOXP1/APOE/GNA14/BCL6/TNFRSF1A/BIRC2/CEBPB/FAM76B/MCPH1/LETMD1/NAIP/SBNO1/FOXF1/ARMH4
GO:0098754	detoxification	129	0.527236284307813	1.91885742185363	4.53011743940919e-06	0.000279572961974967	0.000232439662522278	2149	tags=22%, list=11%, signal=20%	SOD2/SLC39A8/AKR1B10/GCH1/MGST1/PIM1/TP53INP1/CLIC2/SRXN1/PRKCE/MIR186/SLC22A3/MT1X/NFE2L2/TXN/ABCB6/GPX3/CP/SESN1/SLC47A1/GSR/SLC22A5/AIFM2/SLC22A1/PTGS1/APOE/ALDH2/GSTZ1/CYGB
GO:0009152	purine ribonucleotide biosynthetic process	139	-0.503797279268254	-1.8340170737407	4.94116522501042e-06	0.000298213854168276	0.000247937880446924	4850	tags=48%, list=25%, signal=36%	NDUFV3/NDUFB4/SDHB/NDUFB7/NDUFAB1/ATP5F1B/AK2/GUCY1A1/ADCY1/NDUFA7/NDUFS8/NDUFB6/STOML2/AMPD3/NDUFB8/PAPSS1/NDUFS6/IMPDH1/NDUFA6/ADCY3/NDUFA8/NDUFC1/NME2/ATP5ME/ATP5MF/SLC25A13/ATP5MG/ADCY8/DNAJC30/AK1/PAICS/NDUFA12/NDUFA13/ATP5MC1/ADCY7/ADCY5/GMPS/NDUFA11/ADCY9/NDUFB11/NME1/TMSB4X/HPRT1/ATP6V0C/PARP1/NDUFA1/NDUFB2/MTHFD1/NDUFA3/PFAS/ATP5F1E/ALDOA/PINK1/VCP/GUK1/AK5/GUCY1B1/PAPSS2/ATP5IF1/NME4/ENO1/MAP2K1/PRKAG2/AK4/TGFB1/ADCY6/NPR3
GO:0006275	regulation of DNA replication	116	-0.526091340825076	-1.85070791298629	5.37345615596682e-06	0.000319603827015765	0.000265721710595979	2130	tags=28%, list=11%, signal=25%	INO80E/PCNA/TIMELESS/GTPBP4/DNA2/RUVBL2/WEE1/DBF4/TFPT/DYNLL1/FBXO5/TIPIN/INO80C/GMNC/E2F8/GLI2/MCM6/MCM4/MCM7/ATAD5/CDT1/CCNA2/ESCO2/MCM3/TICRR/CDC6/TNFAIP1/MCM2/MCM5/CDK2/CDK1/CDC25A/ID3
GO:0071456	cellular response to hypoxia	142	-0.490434527931355	-1.79183417801309	5.70623896979016e-06	0.000332175953645657	0.000276174298179542	1641	tags=28%, list=8%, signal=26%	PINK1/CPEB2/LMNA/SUV39H2/CITED2/PTGIS/TRPC6/S100B/PDK1/BNIP3/PIN1/MIR145/NDRG1/STC1/SUV39H1/ENO1/AJUBA/MAP2K1/MGARP/AK4/INHBA/CCNB1/EGLN3/CCNA2/SLC29A1/TGFB1/PGK1/DRD2/E2F1/FMN2/FOS/RGCC/DDAH1/EDN1/AQP1/KCNK3/SFRP1/FGFR2/ANKRD1/PTGS2
GO:0060572	morphogenesis of an epithelial bud	13	-0.876306737642214	-2.04883276876108	7.30782401784825e-06	0.000422412813651397	0.000351198095683545	1096	tags=46%, list=6%, signal=44%	WNT2/RDH10/BMP4/NOG/WNT2B/FGFR2
GO:0030261	chromosome condensation	30	-0.736736714305499	-2.02922816346743	7.93151581286088e-06	0.000455257914629106	0.000378505830068289	2140	tags=50%, list=11%, signal=45%	SMC2/TENT4A/SMC4/PHF13/CHMP1A/NCAPD3/NCAPH2/NUSAP1/PLK1/CCNB1/NCAPG/TOP2A/NCAPG2/NCAPH/CDK1
GO:0006937	regulation of muscle contraction	140	-0.496692946749469	-1.81138035363253	9.49396113867892e-06	0.000541155784904698	0.000449922149576429	2011	tags=29%, list=10%, signal=26%	EHD3/CHRM3/GRK2/PRKACA/KIT/ABAT/DSP/CALM3/DOCK5/JPH2/MIR145/CACNA1C/HSP90AA1/STC1/ENO1/SMAD7/ADRA1B/ATP2A2/MAP2K1/TRPM4/ATP1B1/KCNA1/DAPK3/REM1/SLC8A1/ANXA6/DMPK/SRF/ADORA2B/TPM1/CNN1/TNNT2/ADRA2C/ADRA2A/EDN1/MYL9/PDE4D/SPHK1/PDE4B/NMU
GO:0001667	ameboidal-type cell migration	229	-0.436383896747906	-1.68553800227441	1.03529162737415e-05	0.000578073039284832	0.000480615511655326	2916	tags=32%, list=15%, signal=27%	CLASP2/IQSEC1/TESK1/PFN2/RADIL/APPL2/ARF6/ADIPOR1/ARHGAP5/ARHGEF7/RIC8A/ARSB/HYAL2/GPC3/EFNB1/GDNF/LRP5/PPARD/PLCG1/SDC4/SRC/PTPN23/EPPK1/PLEC/AMOTL1/ILK/PKN3/KIT/ARID5B/MTA2/AKT1/TMEM201/SEMA4G/SEMA3D/DAB2IP/DOCK5/CAP1/ARHGDIB/MIR145/AKAP12/PFN1/SEMA6A/CENPV/SEMA3F/CALR/SYDE1/PIP5K1A/CTSH/EPB41L4B/CFL1/TNS1/HBEGF/THBS1/PITX2/FBN2/CORO1C/DAAM2/AMOTL2/FGF7/SEMA3B/TGFB1/KANK1/MIR221/ANLN/BMP4/PRR5L/SNAI1/ACTA2/ITGA3/EDN1/AQP1/SEMA7A/SOX8
GO:0060425	lung morphogenesis	58	-0.616056408082534	-1.95245661613313	1.30943455292847e-05	0.000708389703743613	0.000588962045933344	1500	tags=38%, list=8%, signal=35%	PLOD3/KRAS/LAMA1/SPRY1/DAG1/EXT1/YAP1/WNT2/RDH10/CTSH/MAP2K1/TBX2/RSPO2/PITX2/SRF/FGF7/HHIP/BMP4/ID1/NOG/WNT2B/FGFR2
GO:0051302	regulation of cell division	161	-0.475117182426711	-1.76960999541747	1.31183278471039e-05	0.000708389703743613	0.000588962045933344	2305	tags=30%, list=12%, signal=26%	POLDIP2/TGFB3/BLM/NUP62/CIB1/ECT2/PDGFD/BCL2L1/MYO19/BRCA2/IGF2/PDXP/CIT/CALM3/ASPM/PIN1/KIF14/MIR145/MDK/CENPV/CDK2AP2/FGF1/E2F8/GIPC1/KIF20A/PLK1/KLHL13/CHMP3/RACGAP1/FGF7/INCENP/RAB11FIP4/PGF/PRC1/PKP4/TGFB1/KIF18B/DRD2/BIRC5/FGF5/KIF23/CDC6/AURKA/CDCA8/AURKB/FGFR2/SUSD2/LBH
GO:0001503	ossification	384	-0.382208441423841	-1.55986490391756	1.43741324910088e-05	0.000766122594066235	0.000636961728907793	2260	tags=24%, list=12%, signal=21%	THRA/GPC3/RASSF2/MIR24-1/SBDS/LRP5/RRBP1/SKI/TUFT1/COMP/SLC20A2/CDH11/THBS3/IL6R/PTHLH/CBFB/PRKACA/ILK/ALYREF/GTPBP4/LTBP3/COL13A1/SORT1/MIR125B1/IGSF10/IGF2/EXT1/IFITM1/YAP1/AKT1/FOSL2/FBXO5/TPM4/WNT4/SRGN/AXIN2/ERCC2/MDK/DHRS3/STC1/SUV39H1/FERMT2/SMAD7/PTK2B/CLEC11A/BMP6/CHSY1/GLI2/TRPM4/GALNT3/RSPO2/ADAMTS12/DKK1/FBN2/SMOC1/SLC8A1/CEBPA/PDLIM7/FZD1/FOXC2/NAB2/PTH1R/SMAD6/TGFB1/SOST/ANKH/EPHA2/FSTL3/BCOR/IGFBP2/ID4/ADAMTS7/FHL2/SCUBE3/BMP4/CRIM1/ERFE/ID1/SNAI1/NOG/KAZALD1/SMAD9/SFRP1/FGFR3/SEMA7A/SOX8/BAMBI/PENK/FGFR2/LEP/ID3
GO:0046390	ribose phosphate biosynthetic process	161	-0.473517893374669	-1.76365332199724	1.46466312128811e-05	0.000775609993518244	0.00064484964450328	4581	tags=43%, list=24%, signal=34%	NDUFB7/NDUFAB1/ATP5F1B/AK2/GUCY1A1/ADCY1/NDUFA7/NDUFS8/NDUFB6/STOML2/AMPD3/NDUFB8/PAPSS1/NDUFS6/IMPDH1/NDUFA6/ADCY3/NDUFA8/NDUFC1/NME2/ATP5ME/ATP5MF/SLC25A13/ATP5MG/ADCY8/DNAJC30/AK1/PAICS/UCKL1/NDUFA12/NDUFA13/ATP5MC1/PRPS2/ADCY7/ADCY5/GMPS/DCK/NDUFA11/ADCY9/PRPSAP1/NDUFB11/NME1/TMSB4X/HPRT1/ATP6V0C/PARP1/NDUFA1/NDUFB2/MTHFD1/NDUFA3/PFAS/ATP5F1E/ALDOA/PINK1/VCP/GUK1/AK5/GUCY1B1/PAPSS2/ATP5IF1/NME4/ENO1/MAP2K1/PRKAG2/AK4/CTPS1/TGFB1/ADCY6/PRPS1/NPR3
GO:0060537	muscle tissue development	379	-0.380843240789676	-1.55256832719785	2.06282446635495e-05	0.00105165610061127	0.000874357045791379	2588	tags=25%, list=13%, signal=22%	ALPK2/MEOX2/CTDP1/MIR23A/SOX6/MEF2C/MED20/FLOT1/AKIRIN1/RGS2/FOXN2/NR2F2/VAMP5/MIR24-1/SGCG/CYP26B1/SKI/GJC1/NRG1/MAFF/PLEC/PDGFRB/LMNA/IGF2/RARB/CSRP2/YAP1/FOSL2/CITED2/DSP/ATF3/S100B/OBSL1/CFL2/SAP30/HIVEP3/KLF5/TFAP2B/BIN3/JPH2/MIR145/ENG/WNT2/FZD7/CENPF/EFEMP2/SMAD7/JARID2/SORBS2/CALR/PI16/TIPARP/ERBB3/TBX2/EYA2/IRX3/PITX2/ITGA8/NDRG4/DKK1/FLNB/SLC8A1/CCNB1/SRF/MYOZ1/MYL6/FOXC2/EGR1/TPM1/TGFB1/MYORG/RGS4/PDLIM5/RBP4/TNNT2/FHL2/FOS/RBM24/BMP4/PPP1R13L/CSRP1/MYOM1/NOG/CDK1/RCAN1/EDN1/HEYL/SOX8/FGFR2/MYH10/ANKRD1/NR4A1/ACTC1
GO:0050900	leukocyte migration	307	0.413338234407558	1.65751742842825	2.57825274975029e-05	0.00128256354969396	0.00106633573056658	1022	tags=13%, list=5%, signal=13%	TNFAIP6/C3/CXCL6/CXCL3/CH25H/CCL2/CXCL8/TNFSF14/CXCL5/CYP7B1/ICAM1/CYP19A1/IL6/IL16/DPP4/MMP2/CD34/CXCL12/TNFRSF14/ADAM17/SPNS2/ADA/PIK3R1/LGALS3/IL34/ITGA4/IL1R1/LYST/PF4V1/IL17RC/CD47/APOD/CX3CL1/VCAM1/PF4/CSF1/MTUS1/MMP14/MCOLN2/VEGFC/ITGA2
GO:0009150	purine ribonucleotide metabolic process	317	-0.403544995212165	-1.6170345447204	2.68373188686774e-05	0.00131904618727008	0.00109666774803426	4581	tags=40%, list=24%, signal=31%	NDUFB7/NCOR1/HK1/NDUFAB1/ATP5F1B/BAD/AK2/MTOR/HDAC4/GUCY1A1/RPTOR/PARG/BPNT1/SIRT6/ADCY1/NDUFA7/NDUFS8/TSPO/NDUFB6/GTPBP1/RAN/TPST2/STOML2/AMPD3/NDUFB8/PAPSS1/NDUFS6/CARD11/IMPDH1/NDUFA6/PKM/ADCY3/NDUFA8/NDUFC1/NME2/SELENON/ATP5ME/ATP1A2/ATP5MF/SLC25A13/ATP5MG/ADCY8/DNAJC30/AK1/PAICS/EIF6/MYH3/NDUFA12/HSPA1B/NDUFA13/ARL2/ATP5MC1/ADCY7/JMJD8/ADCY5/NUDT4/GMPS/NDUFA11/NT5C/ADCY9/NDUFB11/IER3/NME1/SRC/TMSB4X/HPRT1/ATP6V0C/PARP1/NDUFA1/NDUFB2/MTHFD1/NT5C2/PTHLH/NDUFA3/PFAS/ITPA/RAB23/ATP5F1E/PRKACA/ALDOA/GAPDH/PINK1/VCP/BEND3/GPI/YAP1/GUK1/AK5/GUCY1B1/PDE5A/PAPSS2/OGDH/ATP5IF1/ENO2/NME4/ALDOC/PNP/ENO1/PDE10A/PDE7B/SLC25A25/LDHA/PGAM1/TPI1/MAP2K1/PRKAG2/PFKL/AK4/ATP1B1/SLC4A4/UCP2/PFKP/HSPA8/HSPA1A/ENTPD1/PDE9A/HK2/TGFB1/PGK1/ADCY6/PGM1/EPHA2/PFKFB3/NPR3/PDE4D/PDE4B
GO:0160257	complement activation, GZMK pathway	7	0.951815473085257	1.90985074877861	2.77871348678711e-05	0.00135760001783028	0.00112872177536597	494	tags=57%, list=3%, signal=56%	C3/C2/C7/C6
GO:0042060	wound healing	378	-0.381584013288425	-1.55410339549924	3.31161484183365e-05	0.00157119853305033	0.00130630964524537	2170	tags=22%, list=11%, signal=20%	RAF1/PPARD/SDC4/SRC/VKORC1/COMP/DUOX1/EPPK1/IL6R/PRKCD/NRG1/PLEC/CD9/ILK/CHMP6/MRTFA/DAG1/EXT1/ERBB2/MYOF/CD151/TYRO3/YAP1/HPS5/DSP/CHMP1A/WNT4/ENG/FZD7/SERPINE1/FERMT2/PLAUR/AJUBA/FGF1/EPB41L4B/FLNA/VCL/TLN1/ERBB3/CADM4/HBEGF/SMOC2/UBASH3B/TMEM97/DDR1/THBS1/RHOC/SH2B3/HPSE/ANGPTL2/CHMP3/ANGPTL4/SRF/MYOZ1/MYL12A/CNN2/ACTG1/MYH9/FOXC2/ENTPD1/CARMIL2/EMILIN2/TPM1/DGKI/TGFB1/KANK1/HSPB1/ACTB/GATA2/MIR221/ADRA2C/TNFRSF12A/CSRP1/ADRA2A/NOG/PLAT/EDN1/AQP1/MYL9/GPR4/WFDC1/VTN/MYH10/MCAM/VAV3
GO:0034755	iron ion transmembrane transport	20	0.790007982397644	2.05558003558649	3.44837934664305e-05	0.00162359291569358	0.00134987084134112	1690	tags=55%, list=9%, signal=50%	SLC39A8/STEAP2/SCARA5/SLC39A14/SLC11A2/SLC25A28/MCOLN2/ABCB6/ABCB7/SLC25A37/ISCU
GO:0060070	canonical Wnt signaling pathway	293	-0.404767446634482	-1.60679730509421	3.87495048598379e-05	0.00177684880385223	0.00147728926789961	2253	tags=23%, list=12%, signal=21%	GPC3/SOX4/PTPRU/LRP5/OTUD5/SRC/MAD2L2/TMEM131L/LINC00941/PTPRO/ILK/RUVBL2/VCP/TLE3/EXT1/YAP1/DKK3/DAB2IP/ASPM/PIN1/IGFBP6/WNT4/MIR145/AXIN2/TCF7/WNT2/FZD7/WNT9A/MDK/SMAD7/FRMD8/DKK2/RECK/TRPM4/RSPO2/DAPK3/DKK1/WNT8B/WNT5B/CCNYL1/DAAM2/IGFBP4/SOX13/FZD1/RSPO1/EGR1/SDC1/TGFB1/KANK1/SOST/FZD4/LATS2/LYPD6/ANKRD6/FZD8/IGFBP2/NKD1/DACT1/TLE2/SNAI1/NOG/EDN1/FZD5/WNT2B/SFRP1/BAMBI/FGFR2
GO:0006694	steroid biosynthetic process	147	0.488208072047956	1.80469410075046	3.97197294104106e-05	0.00181121966111472	0.00150586553080522	2459	tags=28%, list=13%, signal=25%	CH25H/CYP7B1/NR0B1/CYP19A1/AKR1C3/INSIG1/CES1/AKR1B1/HMGCS1/MSMO1/PRKG1/LSS/FAXDC2/HMGCR/DHCR7/FDFT1/SC5D/NR1D1/DAB2/LPCAT3/CYP51A1/FDXR/STARD4/NFKB1/IDI1/SIRT1/HSD17B7/MVK/ERG28/SQLE/AKR1B15/APOE/LIPA/SNAI2/NSDHL/GPR146/MVD/ASAH1/HSD3B7/FDPS/HSD17B11
GO:0097237	cellular response to toxic substance	119	0.507736194299167	1.82326999812007	4.18694221769619e-05	0.00188826492982694	0.00156992171181749	2358	tags=25%, list=12%, signal=22%	SOD2/SLC39A8/AKR1B10/GCH1/MGST1/PIM1/TP53INP1/TRPA1/CLIC2/SRXN1/SLC22A3/CDH13/NFE2L2/TXN/ABCB6/GPX3/CP/SESN1/GSR/AIFM2/SLC22A1/PRKN/PTGS1/APOE/ALDH2/GSTZ1/CYGB/EDNRA/PTPN13/PNKD
GO:0030638	polyketide metabolic process	10	0.917862056309761	2.01965931998729	5.52627299951717e-05	0.00238734993579142	0.00198486580918946	119	tags=50%, list=1%, signal=50%	AKR1B10/AKR1C2/AKR1C1/AKR1C3/AKR1B1
GO:0044598	doxorubicin metabolic process	10	0.917862056309761	2.01965931998729	5.52627299951717e-05	0.00238734993579142	0.00198486580918946	119	tags=50%, list=1%, signal=50%	AKR1B10/AKR1C2/AKR1C1/AKR1C3/AKR1B1
GO:0031667	response to nutrient levels	459	0.363672881282789	1.51689785270054	6.24940028726002e-05	0.00260381104354468	0.00216483366616653	2983	tags=24%, list=15%, signal=21%	SOD2/ZC3H12A/NFKBIZ/SFRP2/FAM107A/AKR1C3/DRAM1/CDKN2B/MAFB/IL15RA/PIM1/C2/POSTN/PDK4/PLD1/VDR/MDM2/GCLM/GCLC/TRPA1/LRRK2/TBL1XR1/DGAT2/FNIP1/ACACB/IFI16/PIK3C2B/RICTOR/SLC22A3/CADPS2/ASS1/FLCN/PEX2/PCSK9/JMY/PPARG/VCAM1/OMA1/SPX/NFE2L2/TRPV1/PHEX/GPR155/TP53/BBS2/RRAGC/ACSL1/NCOA1/PMAIP1/MTHFR/ITGA2/PLIN2/PRKAB2/SESN1/FBN1/PPARGC1A/FOXO3/SIRT1/SLC22A4/BCAS3/ATM/STAT1/ATG14/KAT2B/WIPI1/TFRC/TSC1/SP1/ACVR1C/NPFF/EIF2A/ZEB2/APOE/EHMT2/LIPA/AFP/MFSD11/FBXO22/FOXO4/TMEM126B/AGL/GDF15/TMEM135/ULK1/OGT/FADS1/SNAI2/RRAGD/UBE2D1/METTL14/ATF4/TBC1D5/IMPACT/GABARAPL1/ALAS1/EIF2AK2/ATXN3/MKKS/NNT/ATG7/CDON/KPTN/LRP11/DSC2/UCN2/SH3GLB1/SREBF2/PTER/PAK3/MIOS/TRIM25/BCHE
GO:0001525	angiogenesis	497	-0.351865600662424	-1.46367106193268	6.42234078966887e-05	0.00266235218189909	0.00221350533436594	1500	tags=19%, list=8%, signal=18%	DAG1/ERBB2/AKT1/PACSIN2/TMEM201/ATP5IF1/PTGIS/NAXE/DAB2IP/MICALL1/IL18/KLF5/EPHB3/MIR145/MYDGF/ENG/COL4A1/HSPG2/MDK/E2F2/SEMA6A/SERPINE1/PKNOX1/RASIP1/PTK2B/FGF1/RAPGEF3/E2F8/RECK/TEK/FBLN5/ADM/ITGB2/JMJD6/SMOC2/BRCA1/ITGB8/COL8A1/THBS1/PITX2/HPSE/EMP2/ANGPTL4/SRF/AMOTL2/HDAC5/ACTG1/MYH9/FOXC2/PGF/EHD4/LEPR/HK2/EMILIN2/MFGE8/TGFB1/PGK1/HSPB1/EPHA2/FZD4/GATA2/EGR3/FZD8/CSPG4/MIR221/KLF2/RHOB/BMP4/CLIC3/FLT1/RGCC/ID1/TNFRSF12A/NOTCH3/HSPB6/TSPAN18/DDAH1/EDN1/AQP1/FZD5/NPR3/SFRP1/SPHK1/GPR4/TGM2/FGFR2/RAMP1/LEP/MCAM/PTGS2/COL8A2/NR4A1/VAV3
GO:0006828	manganese ion transport	9	0.931516442063757	2.00360781238006	6.78675368589625e-05	0.00278528371269182	0.00231571179714028	417	tags=44%, list=2%, signal=44%	SLC39A8/SLC39A14/SLC41A2/SLC11A2
GO:0036293	response to decreased oxygen levels	291	-0.392798573192782	-1.55942788007487	6.98281642983888e-05	0.00282339690916835	0.00234739947703632	1566	tags=22%, list=8%, signal=21%	CPEB2/LMNA/RAD21/ABAT/AKT1/FOSL2/SUV39H2/CITED2/PTGIS/TRPC6/S100B/SLC1A1/PDK1/BNIP3/PIN1/MIR145/ENG/ERCC2/NDRG1/HSPG2/STC1/SUV39H1/CYBA/ENO1/AJUBA/MAP2K1/MGARP/AK4/ATP1B1/THBS1/UCP2/INHBA/CCNB1/ANGPTL4/SRF/EGLN3/CCNA2/SLC29A1/ARNT2/PGF/EGR1/HK2/SLC2A1/TGFB1/PGK1/FZD4/DRD2/E2F1/FMN2/WTIP/FOS/RGCC/PLAT/DDAH1/EDN1/AQP1/KCNK3/SFRP1/PENK/FGFR2/CRYAB/LEP/ANKRD1/PTGS2
GO:0001654	eye development	360	-0.371228444437297	-1.50589729635937	7.76202038486899e-05	0.00307780982217414	0.00255892083168602	2642	tags=26%, list=14%, signal=23%	MYOM2/SPRY2/HDAC1/FAT1/ACVRL1/MEIS3P1/NTRK2/THY1/HES1/KDM2B/WDPCP/COL5A1/PRICKLE1/LAMB2/DLL1/PRKCI/ELP6/MFN2/NOTCH1/GDF11/RING1/CPAMD8/BCAR3/ZDHHC16/NPHP4/ZNF513/CDKN1C/ACTL6A/LAMA1/RORB/SPRY1/CLIC4/SOX4/LRP5/SMARCA4/SKI/NECTIN3/GNB1/MITF/NF2/PDGFRB/SIPA1L3/NECTIN1/RARB/RRM1/SMARCD3/MFSD2A/TGIF1/CITED2/IRX5/SLC1A1/TFAP2B/WNT2/WNT9A/COL4A1/CACNA1C/RDH10/PKNOX1/EFEMP1/SLC25A25/BMP6/JMJD6/MFAP5/TBX2/COL8A1/PITX2/B3GLCT/ALDH1A3/FBN2/SMOC1/INHBA/WNT5B/SRF/FOXC2/RAB11FIP4/NES/TGFB1/EPHA2/FZD4/DRD2/RBP4/NKD1/FOS/BMP4/PPP1R13L/FLT1/MYOM1/AQP1/FZD5/WNT2B/SOX8/CRYAB/MYH10/COL8A2/SAMD11
GO:2000241	regulation of reproductive process	148	-0.465159979367945	-1.70100315522413	7.9732286091916e-05	0.00313130432651888	0.00260339667959653	2176	tags=24%, list=11%, signal=22%	CNTD1/ANAPC11/CIB1/PPP2R1A/BCL2L1/KIT/PTGDS/PLCB1/FBXO5/CITED2/PDE3A/ASPM/ARHGDIB/WNT4/DHX37/RAD1/CALR/SYDE1/KNL1/CDC25C/INHBA/RAD51AP1/MYH9/CDC20/TRIP13/TTK/LFNG/BMP4/ZWINT/AURKA/SNAI1/PLAT/CDC25A/PKMYT1/SFRP1/DUSP1
GO:0051653	spindle localization	63	-0.585320696445481	-1.89892974226557	8.45262905503814e-05	0.00322946572505146	0.00268500901501855	3773	tags=51%, list=19%, signal=41%	DYNLT1/ACTR3/TLE6/SPRY2/KPNB1/INPPL1/SKA2/DCTN1/GPSM2/CLASP2/MAP4/SPRY1/ACTR2/NDE1/NDEL1/ASPM/GPSM1/SPDL1/MAPRE1/CENPA/CFL1/SAPCD2/NUSAP1/PLK1/SKA3/NDC80/MYH9/MAD2L1/ESPL1/SPAG5/FMN2/SKA1
GO:0031589	cell-substrate adhesion	328	-0.382811192047868	-1.54076199081572	8.45924867063919e-05	0.00322946572505146	0.00268500901501855	3140	tags=33%, list=16%, signal=28%	STON1/CORO1A/RHOA/AKIP1/RHOD/TIAM1/CLASP2/NOTCH1/NDNF/AXL/CCDC80/TESK1/EPDR1/RADIL/PARVA/PKD1/MINK1/ANXA2/ARL2/CTTN/DUSP3/GAS6/RRAS/ARHGEF7/SGCE/ANTXR1/POLDIP2/BCAM/PPARD/TAOK2/SDC4/SRC/RSU1/JAM3/CDH11/CIB1/THBS3/GBP1/PTPRO/NF2/ILK/EGFL6/ARPC2/COL13A1/HACD1/DAG1/TYRO3/COL5A3/RAC2/DOCK5/KIF14/EPHB3/WNT4/ITGA1/FZD7/MDK/EFEMP2/SERPINE1/FERMT2/PTK2B/ITGBL1/CALR/PIP5K1A/AJUBA/RIN2/FLNA/CFL1/VCL/BST1/TEK/FBLN5/TLN1/DLC1/ITGA6/ITGB2/NID2/ITGB8/DDR1/COL8A1/ADAMTS12/THBS1/ITGA8/DAPK3/ITGA7/HPSE/EMP2/CORO1C/MELTF/SRF/ACTG1/LYVE1/LIMS2/SMAD6/ZYX/KANK1/FZD4/ACTN1/ACTN4/TNFRSF12A/MYADM/ITGA3/SPRY4/LIMCH1/SFRP1/VTN/SORBS1/NEDD9
GO:0010876	lipid localization	395	0.370403005600733	1.52668290756463	8.37389169445881e-05	0.00322946572505146	0.00268500901501855	2020	tags=19%, list=10%, signal=17%	C3/ABCA9/ZC3H12A/ABCA6/CYP19A1/AKR1C1/IL6/NFKBIA/APOL3/CES1/BDKRB2/CLSTN3/ATP8A1/AGTR1/P2RX7/SPNS2/APOL6/ABCA10/ABCC2/SLCO3A1/APOL1/VPS13C/CLU/PTCH1/ACACB/C1QTNF1/FABP3/ABCA7/IKBKE/ABHD5/PLSCR4/NKX3-1/PLA2R1/PCSK9/APOD/ABCC3/DAB2/ABCC1/PPARG/LPCAT3/ABCA8/SPX/ABCA5/CROT/PLA2G12A/LRP1/ACSL1/SYT7/PLIN2/STARD4/NFKB1/PLA2G4A/GDF9/SIRT1/VPS13A/OSBPL8/VMP1/SLCO2B1/ACSL5/STARD10/ACE/VPS13B/ITGAV/SPG11/SLC25A21/SLC22A1/PLTP/PRKN/NPC2/STRA6/APOE/TNFAIP8L3/LIPA/P2RX4/TMEM135
GO:0051293	establishment of spindle localization	59	-0.597219112363314	-1.90698010938527	8.82573623329075e-05	0.00335377976865048	0.00278836491230136	3773	tags=47%, list=19%, signal=38%	TLE6/SPRY2/KPNB1/INPPL1/SKA2/DCTN1/GPSM2/CLASP2/MAP4/SPRY1/NDE1/NDEL1/GPSM1/SPDL1/MAPRE1/CENPA/CFL1/SAPCD2/NUSAP1/PLK1/SKA3/NDC80/MYH9/MAD2L1/ESPL1/SPAG5/FMN2/SKA1
GO:2000427	positive regulation of apoptotic cell clearance	5	0.971903667519123	1.77403738705881	9.23312282044326e-05	0.00344956715239127	0.00286800346888179	522	tags=80%, list=3%, signal=78%	C3/CCL2/C2/ABCA7
GO:0030900	forebrain development	348	-0.380476716341924	-1.53852984389239	9.50370023098689e-05	0.00351380051783515	0.00292140770969597	2375	tags=29%, list=12%, signal=26%	NRP2/CRK/HES1/KDM2B/ATP1A2/GDF7/FGFR1/FBXO45/DIXDC1/RHOA/ARHGAP11B/SRD5A1/DNAJB1/NOTCH1/NDNF/AXL/UCHL5/KRAS/FAT4/MBOAT7/ZDHHC16/APAF1/SLIT2/KIRREL3/CSF1R/NR2F2/NDST1/SRC/SKI/HPRT1/GMPPA/PPP1R9B/PLXNA3/SYNE2/NF2/GSC/PHLPP2/BTBD3/PLXNA1/ZMIZ1/NDE1/TRA2B/EPHA5/CCDC85C/EXT1/RARB/UBB/NDEL1/TYRO3/RRM1/MFSD2A/PLCB1/OGDH/SEMA3D/TUBB2B/PLXNA4/BNIP3/DAB2IP/ASPM/KIF14/TUBA1A/EPHB3/WNT4/MDK/EZH2/FLNA/CFL1/MGARP/DLC1/GLI2/APLP1/EMX2/KCNA1/PITX2/STIL/ALDH1A3/DKK1/INHBA/CORO1C/SRF/TUBB2A/NRGN/SLC2A1/NR4A3/DRD2/LYPD6/MDGA1/GATA2/E2F1/TOX/ID4/TACC3/FOS/BMP4/WDR62/NOG/NOTCH3/AQP1/WNT2B/SEMA7A/FGFR2/MYH10
GO:0055012	ventricular cardiac muscle cell differentiation	16	-0.815100360802025	-1.97252014222311	9.74476376568695e-05	0.00358677224164836	0.00298207710611039	2459	tags=56%, list=13%, signal=49%	MEF2C/NRG1/LMNA/RARB/PITX2/CCNB1/FHL2/CDK1/MYH10
GO:0003149	membranous septum morphogenesis	10	-0.887411202784011	-1.94881803953201	9.9176387085678e-05	0.0036341061839252	0.00302143100317881	1068	tags=50%, list=5%, signal=47%	NSD2/FZD1/BMP4/NOG/FGFR2
GO:0032465	regulation of cytokinesis	86	-0.53317873674319	-1.79266840293101	0.000107797291582463	0.00389779810268219	0.00324066701288713	3201	tags=43%, list=16%, signal=36%	FSD1/RHOA/RAB11FIP3/KIF20B/VPS4A/ARF6/ATXN10/POLDIP2/NUP62/ECT2/BCL2L1/MYO19/BRCA2/PDXP/CIT/CALM3/PIN1/KIF14/CENPV/E2F8/GIPC1/KIF20A/PLK1/KLHL13/CHMP3/RACGAP1/INCENP/RAB11FIP4/PRC1/PKP4/DRD2/BIRC5/KIF23/CDC6/AURKA/CDCA8/AURKB
GO:0033212	iron import into cell	9	0.922437692394828	1.98408024105453	0.000109177367295998	0.00393038522265594	0.00326776025937192	417	tags=56%, list=2%, signal=54%	SLC39A8/STEAP2/STEAP4/SLC39A14/SLC11A2
GO:0006066	alcohol metabolic process	307	0.399198452646319	1.60081583938455	0.000110102599222236	0.0039463848664459	0.00328106251784764	2249	tags=21%, list=12%, signal=19%	CH25H/ADH1B/AKR1B10/AKR1C2/CYP7B1/AKR1C1/AKR1C3/INSIG1/GCH1/CES1/AKR1B1/HMGCS1/MSMO1/PRKG1/SPTLC3/AGTR1/LSS/ADH1C/ALDH3A2/APOL1/DGAT2/HMGCR/DHCR7/FDFT1/SC5D/PCSK9/IDH1/CUBN/DAB2/FMO5/LPCAT3/CYP51A1/ABCA5/FDXR/SCARF1/NAPEPLD/STARD4/EPHX2/PCBD2/IDI1/PLA2G4A/CYP1B1/GDPD1/HSD17B7/MVK/INPP5B/ITPKB/SQLE/TPK1/AKR1B15/NPC2/APOE/ALDH2/LIPA/THTPA/SPTSSA/NSDHL/CEL/GPR146/ITPKC/MVD/OSBPL1A/GDPD3/ASAH1
GO:0019748	secondary metabolic process	51	0.62498003616312	1.97720514898008	0.000115668970951448	0.00412787353725861	0.0034319539527608	1276	tags=24%, list=7%, signal=22%	AKR1B10/AKR1C2/AKR1C1/AKR1C3/AKR1B1/SLC7A11/PRKCE/FMO2/TRPC1/NFE2L2/BDH2/CYP1B1
GO:0019221	cytokine-mediated signaling pathway	435	0.362253248826897	1.50266009660254	0.000120564967291491	0.00428397078583791	0.00356173471383338	1677	tags=17%, list=9%, signal=16%	CXCL6/TNFAIP3/CCL2/NFKBIZ/IFIH1/IL6/IRAK2/NFKBIA/IL18R1/IL16/BIRC3/ACKR4/IRF1/TNFSF13B/IL15RA/CXCL12/TNFRSF14/IRAK3/PARP9/PARP14/MX1/ADAM17/IFNGR1/RBM47/IFNE/CREBRF/EDA2R/PIK3R1/ACKR1/F3/CYLD/WBP1L/TRAF3IP2/IL34/RFFL/IFNAR2/LIFR/IL1R1/TXK/NLRC5/IKBKE/IL17RC/CARD8/CX3CL1/ROBO1/PPARG/SP100/PF4/CSF1/TP53/BBS2/ACKR3/ACSL1/TRAF3/SAMHD1/NFKB1/TIFA/CASP1/UGCG/JAK2/CASP4/FOXO3/IL20RB/NSMAF/SIRT1/SECTM1/CASP8/VRK2/IRF7/USP25/STAT1/IL17RD/IL10RB/TNFRSF1B/CCDC3/ANGPT1
GO:0006195	purine nucleotide catabolic process	131	-0.472765176325215	-1.70020246820568	0.000123936432966923	0.00436642008478632	0.00363028385781134	2629	tags=31%, list=14%, signal=27%	ARL2/JMJD8/NUDT4/NT5C/IER3/SRC/HPRT1/NT5C2/NUDT15/ITPA/PRKACA/ALDOA/GAPDH/DNPH1/GPI/YAP1/PDE5A/OGDH/ENO2/ALDOC/PNP/ENO1/PDE10A/PDE7B/LDHA/PGAM1/TPI1/PRKAG2/PFKL/SLC4A4/UCP2/PFKP/ENTPD1/PDE9A/HK2/PGK1/PGM1/PFKFB3/SARM1/PDE4D/PDE4B
GO:0017156	calcium-ion regulated exocytosis	58	-0.574857125265743	-1.8218844619274	0.000133150188573162	0.00457278973978457	0.00380186158343892	1327	tags=22%, list=7%, signal=21%	GNAI2/RIMS2/RIMS3/ATP2A2/CBARP/UNC13A/MYH9/KCNB1/ADRA2A/TSPAN18/SYT15/SYT12/RIMS1
GO:0007565	female pregnancy	159	-0.453847883845518	-1.68364220310762	0.000134378511345977	0.00459362625673318	0.00381918526500477	3180	tags=29%, list=16%, signal=24%	GNAS/MAGED2/IGFBP5/EPOR/SMURF2/PRLR/EPN1/KRAS/ADCY7/TEAD4/DAZAP1/RGS2/NR2F2/PPARD/PARP1/PTHLH/FKBP4/SLC38A3/AKT1/CITED2/PTGIS/ARHGDIB/WNT4/HSPG2/STC1/CALR/SYDE1/RECK/DDR1/IL11RA/TEAD3/FBN2/EMP2/SLC2A1/TGFB1/IGFBP2/FOS/ADRA2A/ITGA3/PSG5/CORIN/CLIC5/OXTR/LEP/PSG4/PTGS2
GO:0001890	placenta development	139	-0.456325760154078	-1.66120237196568	0.000134876209536147	0.00459362625673318	0.00381918526500477	2492	tags=26%, list=13%, signal=23%	DAZAP1/CDKN1C/ALKBH1/NR2F2/TAF10/PPARD/PARP1/PLCD3/GSE1/IGF2/AKT1/CITED2/PTGIS/ETNK2/WNT2/STC1/PLK4/E2F8/MAP2K1/ADM/FOSL1/ITGB8/PHLDA2/FBN2/CEBPA/CCNF/DLX3/GATA2/KRT8/SNAI1/KRT19/ADAM19/FZD5/FGFR2/LEP/PTGS2
GO:0060047	heart contraction	212	-0.415805889370486	-1.6054866813066	0.000137421043678339	0.00466095837401572	0.00387516583804554	2271	tags=23%, list=12%, signal=20%	RGS2/THRA/SGCG/SRC/EHD3/SLC4A3/GJC1/GRK2/GJD3/PRKACA/FXYD1/ATP1A3/EXT1/DSP/IRX5/SLC1A1/CALM3/JPH2/CACNA1C/ATP2A3/HSP90AA1/STC1/SMAD7/ADRA1B/FLNA/ATP2A2/ADM/TRPM4/HBEGF/ATP1B1/TBX2/IRX3/SLC8A1/DMPK/DES/TPM1/DRD2/RGS4/TNNT2/PPP1R13L/MAP2K3/EDN1/CORIN/HSPB7/PDE4D/PDE4B/NMU/ACTC1
GO:0002252	immune effector process	499	0.345206360032119	1.45090101189726	0.000140843704756204	0.00471855154546499	0.00392304935739837	2124	tags=16%, list=11%, signal=14%	CFB/C3/CXCL6/RELB/ZC3H12A/NFKBIZ/ICAM1/IL6/C1R/C1S/GPRC5B/IL18R1/BCL3/C1RL/C2/HTR2A/LACC1/TNFRSF14/IRAK3/TLR3/ADAM17/P2RX7/NMI/DDX60/IFNE/ADA/CLU/PIK3R1/LGALS3/BTN3A2/PRKCE/TRAF3IP2/C7/BTN3A3/IL1R1/C6/LYST/LIG4/JUNB/PMS2/EPHB2/UNC13D/HLX/PTX3/JAG1/TP53/LRP1/IFI35/B2M/PLA2G6/JAK2/RORA/IL20RB/SEMA4A/SIRT1/SECTM1/IRF7/HLA-B/FYN/TFRC/TSC1/ACE/ENTPD7/TNFRSF1B/ANGPT1/TRIL/DOCK2/JAK1/FOXP1/KMT2A/LIPA/RIPK2/BCL6/EBAG9/TAP2/ZBTB7B/ABL1/SCART1
GO:0002064	epithelial cell development	190	-0.435480279967426	-1.65426992735522	0.000144906226853834	0.00483491995941574	0.00401979918140098	1788	tags=22%, list=9%, signal=20%	CCM2/PLEC/SIDT2/MSN/SIPA1L3/MYD88/PALLD/RARB/YAP1/AKT1/FOSL2/PLCB1/EXPH5/KLF5/STC1/ADAMTSL4/BMP6/FLNA/RAPGEF3/VCL/MYO1E/HPSE/FLNB/CEBPA/WNT5B/AMOTL2/EZR/FOXC2/MET/TGFB1/EPHA2/GATA2/BMP4/ID1/MYADM/ACTA2/MAGI1/FZD5/PDE4D/GPR4/SOX8
GO:0071216	cellular response to biotic stimulus	210	0.422632460364561	1.63918593541243	0.000149695156099313	0.00495442677928695	0.00411915830641702	1202	tags=16%, list=6%, signal=15%	CXCL6/TNFAIP3/CCL2/CXCL8/CXCL5/ZC3H12A/NFKBIZ/IL6/IRAK2/NFKBIA/GBP2/IRAK3/PRKCE/LY96/PF4V1/PLSCR4/NR1D1/ASS1/CARD8/EPHB2/CX3CL1/PF4/TP53/ADAMTS13/B2M/TLR1/SASH1/PPM1E/NFKB1/TLR2/CASP1/TLR6/JAK2
GO:0072523	purine-containing compound catabolic process	147	-0.459370643631395	-1.67894131496773	0.000151193587622398	0.00497944268448103	0.00413995677176189	2629	tags=31%, list=14%, signal=27%	ARL2/NUDT19/JMJD8/NUDT4/NUDT1/NT5C/IER3/NME1/SRC/HPRT1/NT5C2/NUDT15/ITPA/PRKACA/ADA2/ALDOA/GAPDH/DNPH1/GPI/YAP1/PDE5A/OGDH/ENO2/ALDOC/PNP/ENO1/PDE10A/PDE7B/LDHA/PGAM1/TPI1/PRKAG2/PFKL/SLC4A4/UCP2/PFKP/ACOT7/ENTPD1/PDE9A/HK2/PGK1/PGM1/PFKFB3/SARM1/PDE4D/PDE4B
GO:1903490	positive regulation of mitotic cytokinesis	13	-0.823925709063893	-1.9263642731959	0.000153021591736198	0.00500398894410643	0.00416036476924207	3009	tags=77%, list=15%, signal=65%	RAB11FIP3/KIF20B/ARF6/POLDIP2/NUP62/ECT2/INCENP/BIRC5/CDCA8/AURKB
GO:0061615	glycolytic process through fructose-6-phosphate	25	-0.716664527158369	-1.91196767857897	0.000159673303337107	0.00518023112170344	0.0043068942189909	1739	tags=44%, list=9%, signal=40%	PRKACA/GPI/YAP1/ENO2/ENO1/PGAM1/TPI1/PFKL/PFKP/HK2/PGK1
GO:0051261	protein depolymerization	111	-0.490768582614872	-1.71439800620809	0.000163295382051748	0.00527688384205018	0.00438725222478857	2192	tags=31%, list=11%, signal=27%	CAPZB/STMN2/MID1/PPP1R9B/CIB1/SWAP70/STMN3/PDXP/LIMA1/CFL2/GAS2L1/MAP6D1/KIF18A/MICAL3/DSTN/CKAP2/NAV3/CFL1/STMN1/KIF24/SH3BP1/HSPA8/DNAJC6/TPX2/CARMIL2/NES/KIF18B/MAP1S/WDR1/DIAPH3/KIF2C/MICAL2/AURKB/LMOD1
GO:0086064	cell communication by electrical coupling involved in cardiac conduction	23	-0.739293295095322	-1.93666227133369	0.000165019831784404	0.0053116971736721	0.0044161963651529	1915	tags=52%, list=10%, signal=47%	CALM1/ATP1A2/GJC1/GJD3/PRKACA/ATP1A3/CALM3/CACNA1C/ATP1B1/IRX3/SLC8A1/PDE4D
GO:0071798	response to prostaglandin D	7	0.925539374381348	1.85712684566536	0.000172387098128541	0.00550565486941271	0.00457745466789815	62	tags=43%, list=0%, signal=43%	PTGFR/AKR1C2/AKR1C3
GO:0071799	cellular response to prostaglandin D stimulus	7	0.925539374381348	1.85712684566536	0.000172387098128541	0.00550565486941271	0.00457745466789815	62	tags=43%, list=0%, signal=43%	PTGFR/AKR1C2/AKR1C3
GO:0032691	negative regulation of interleukin-1 beta production	25	0.742457469996398	2.04760345904872	0.000180034116300006	0.00566176255398638	0.00470724410555732	686	tags=16%, list=4%, signal=15%	TNFAIP3/ZC3H12A/CARD8/CX3CL1
GO:0010927	cellular component assembly involved in morphogenesis	108	-0.501180339645462	-1.74953918756579	0.000182570158223227	0.00567607125492933	0.00471914049780789	1956	tags=26%, list=10%, signal=23%	RFX2/ABCA2/PLEC/CD9/PDGFRB/CSRP2/OBSL1/CFL2/NECTIN2/ERCC2/KNL1/SRF/MYOZ1/ACTG1/TPM1/MYPN/FLNC/WDR1/TNNT2/CSRP1/MYOM1/EDN1/KRT19/MYL9/LMOD1/MYH10/ANKRD1/ACTC1
GO:0007369	gastrulation	169	-0.438652468852945	-1.64501576598988	0.00019651651476563	0.00593017482792753	0.00493040466418567	1841	tags=27%, list=9%, signal=24%	TXNRD1/GPC3/TAF10/LRP5/COL4A2/PRKACA/NF2/GSC/COL12A1/EXT1/GPI/RBM14/TGIF1/MIR145/FZD7/ETS2/MAP2K1/ITGB2/EYA2/COL8A1/ITGA8/ITGA7/DKK1/WNT8B/INHBA/WNT5B/SRF/MYH9/DUSP4/FOXC2/NR4A3/EPHA2/MIR221/BMP4/MBP/MYADM/SNAI1/NOG/ITGA3/DUSP5/SFRP1/DUSP1/ATOH8/VTN/FGFR2
GO:0061351	neural precursor cell proliferation	143	-0.451585629126445	-1.65197021781282	0.00019834287642702	0.0059633638451025	0.0049579983338206	1728	tags=23%, list=9%, signal=21%	NF2/ILK/ZNF503/NDE1/KCTD11/RARB/RRM1/SMARCD3/GNAI2/ASPM/KIF14/DBN1/WNT2/MDK/CTNNA1/FLNA/EMX2/KCNA1/TEAD3/MELK/RACGAP1/HHIP/PDE9A/NES/LIMS2/TGFB1/DRD2/GATA2/TOX/ID4/SHCBP1/WDR62/FGFR2
GO:0001547	antral ovarian follicle growth	10	0.899158169478316	1.97850337602008	0.0002161525716499	0.00638194355432512	0.00530600954943697	1234	tags=50%, list=6%, signal=47%	TNFAIP6/ESR1/BMPR1B/PTX3/FOXO3
GO:0002287	alpha-beta T cell activation involved in immune response	73	0.552741334504008	1.86233085710501	0.000214670405822915	0.00638194355432512	0.00530600954943697	2076	tags=26%, list=11%, signal=23%	RELB/ZC3H12A/NFKBIZ/IL6/IL18R1/BCL3/PIK3R1/JUNB/HLX/JAK2/RORA/SEMA4A/ENTPD7/JAK1/FOXP1/KMT2A/RIPK2/BCL6/ZBTB7B
GO:0002293	alpha-beta T cell differentiation involved in immune response	73	0.552741334504008	1.86233085710501	0.000214670405822915	0.00638194355432512	0.00530600954943697	2076	tags=26%, list=11%, signal=23%	RELB/ZC3H12A/NFKBIZ/IL6/IL18R1/BCL3/PIK3R1/JUNB/HLX/JAK2/RORA/SEMA4A/ENTPD7/JAK1/FOXP1/KMT2A/RIPK2/BCL6/ZBTB7B
GO:1902903	regulation of supramolecular fiber organization	360	-0.360647783755024	-1.46297658660805	0.000215437457201428	0.00638194355432512	0.00530600954943697	3130	tags=29%, list=16%, signal=24%	PTGER4/CORO1A/PFDN1/RHOA/DCTN1/MAP1B/SSH1/CLASP2/SPTBN2/TESK1/PFN2/C15orf62/GBA2/GRB2/ARF6/HSPA1B/ARL2/CTTN/BAIAP2/PICK1/RHPN2/ARHGEF7/FCHSD1/PFDN6/NCK2/SLIT2/INPP5K/TGFB3/F11R/SHANK1/HAX1/CAPZB/STMN2/SDC4/TMSB4X/MID1/EML2/SSH3/CIB1/PRKCD/FKBP4/ARF1/ARPC5L/NF2/ARPC2/SWAP70/CDC42EP2/PDXP/LIMA1/CFL2/GAS2L1/MAP6D1/BAIAP2L1/WNT4/PFN1/MAPRE1/HSPG2/DSTN/COTL1/CKAP2/SYNPO2/FERMT2/PTK2B/NAV3/FLNA/CFL1/RAPGEF3/STMN1/HAUS5/ARPC5/DLC1/SYNPO/PSRC1/MTSS1/DAPK3/RHOC/SH3BP1/VASP/CDC42EP1/HAUS8/HSPA8/HSPA1A/DAAM2/ACTG1/TPX2/MET/CARMIL2/TPM1/KANK1/MAP1S/RGS4/WDR1/DIAPH3/SKA1/PLEKHG2/RGCC/MYADM/AURKB/EDN1/LIMCH1/SFRP1/LMOD1/CRYAB
GO:0002831	regulation of response to biotic stimulus	497	0.342821283667599	1.44168698577543	0.000217807265108822	0.00640774921868534	0.00532746462818522	1505	tags=13%, list=8%, signal=12%	CXCL6/TNFAIP3/ZC3H12A/NFKBIZ/IFIH1/IRAK2/NFKBIA/GBP2/BIRC3/IRF1/SQSTM1/PIM1/LACC1/IRAK3/PARP9/TLR3/PARP14/OPTN/CTSS/P2RX7/NMI/DDX60/RBM47/TRIM22/HERC5/GATA6/PIK3R1/LGR4/DTX3L/ERAP1/CYLD/PRKCE/TRAF3IP2/IFI16/RICTOR/LY96/TXK/ESR1/NLRC5/IKBKE/RNF144A/NR1D1/CARD8/ALPK1/CX3CL1/PPARG/NFE2L2/APOBEC3G/IFI35/TRAF3/TLR1/SASH1/SAMHD1/MAP2K6/LYPLAL1/TLR2/TIFA/CASP1/TLR6/CASP4/CASP8/IRF7/HLA-B/STAT1/FYN
GO:0031394	positive regulation of prostaglandin biosynthetic process	5	-0.947530635310789	-1.71261000255701	0.000222450373512898	0.00649776749392835	0.00540230669220498	106	tags=60%, list=1%, signal=60%	CD74/EDN1/PTGS2
GO:0030048	actin filament-based movement	120	-0.477765865271548	-1.69222436960562	0.000227807106713926	0.00655384503709277	0.00544893010355397	2992	tags=28%, list=15%, signal=23%	TNNC1/MYH3/EPDR1/PARVA/KCNE3/LUZP1/SCN2B/KCND3/GJC1/SYNE2/MYO9B/MYO19/DSP/MYH2/CACNA1C/STC1/FLNA/ATP2A2/MYO1B/TRPM4/EMP2/MYL6/MYH9/TPM1/MYO1C/TNNT2/ACTN4/ACTA2/LIMCH1/PDE4D/PDE4B/MYH10/ACTC1
GO:0007631	feeding behavior	70	-0.54841573109852	-1.80209372577862	0.000231880035574979	0.00663160742856944	0.00551358250736325	1805	tags=19%, list=9%, signal=17%	NEGR1/CPT1A/TRH/CFAP20/SGIP1/EN1/LEPR/NR4A3/DRD2/GLS/FOS/LEP/NMU
GO:0086046	membrane depolarization during SA node cell action potential	5	0.959889835573811	1.75210827232748	0.000246395771571693	0.00692608388034403	0.0057584130753399	252	tags=40%, list=1%, signal=39%	CACNA1G/ANK2
GO:0098659	inorganic cation import across plasma membrane	97	0.516558227367336	1.81809466957445	0.000254054796723151	0.00704487084967441	0.00585717370965928	756	tags=11%, list=4%, signal=11%	SLC39A8/STEAP2/SLC12A8/SLC39A14/SLC9A9/CACNA1G/ANK2/PCSK9/ABCC9/SLC9A7/TRPV1
GO:0090303	positive regulation of wound healing	56	-0.571261892448642	-1.80136248549672	0.000260747482138799	0.00715791081403097	0.00595115622850143	1020	tags=27%, list=5%, signal=25%	SERPINE1/FERMT2/HBEGF/SMOC2/TMEM97/THBS1/HPSE/ACTG1/FOXC2/EMILIN2/KANK1/MIR221/ADRA2A/PLAT/VTN
GO:0170062	nutrient storage	85	0.539755682206976	1.86189571371412	0.000296972623415216	0.00793990649183093	0.00660131499263106	1935	tags=28%, list=10%, signal=26%	C3/ZC3H12A/IL6/NFKBIA/PLA2G4C/CES1/CLSTN3/DGAT2/ACACB/IKBKE/ABHD5/PPARG/PLIN2/STARD4/RNF213/NFKB1/SIRT1/ITGAV/SQLE/ACVR1C/NRIP1/NPC2/APOE/LIPA
GO:1903909	regulation of receptor clustering	17	0.770727028499334	1.92424144242723	0.000302764975496932	0.00806848999635979	0.00670822056099319	122	tags=12%, list=1%, signal=12%	TNFAIP6/SLC7A11
GO:0035914	skeletal muscle cell differentiation	71	-0.535029528779178	-1.76301321802691	0.000318063590649609	0.00828782841921266	0.00689058064555192	2897	tags=31%, list=15%, signal=26%	NOTCH1/EMD/KRAS/MEF2C/MED20/AKIRIN1/FOXN2/CYP26B1/MAFF/CITED2/ATF3/S100B/SAP30/HIVEP3/KLF5/EGR1/FOS/RBM24/HEYL/SOX8/ANKRD1/NR4A1
GO:0002218	activation of innate immune response	300	0.370737793057211	1.48589709487777	0.000317068543685463	0.00828782841921266	0.00689058064555192	2434	tags=18%, list=13%, signal=16%	TNFAIP3/NFKBIZ/IFIH1/IRAK2/NFKBIA/GBP2/BIRC3/IRF1/SQSTM1/LACC1/IRAK3/TLR3/CTSS/P2RX7/NMI/DDX60/PIK3R1/LGR4/CYLD/PRKCE/IFI16/RICTOR/LY96/ESR1/IKBKE/RNF144A/NR1D1/CARD8/ALPK1/IFI35/TRAF3/TLR1/MAP2K6/LYPLAL1/TLR2/TIFA/CASP1/TLR6/CASP4/IRF7/FYN/TNIP1/NINJ1/TRIL/RIPK2/SLC15A3/OGT/ZC3HAV1/ECSIT/BIRC2/APPL1/PCBP2/LETMD1/EIF2AK2/NAIP
GO:1904645	response to amyloid-beta	49	0.602942903893722	1.8837938400504	0.000347429804076295	0.00891157447455696	0.00740916914416651	1928	tags=33%, list=10%, signal=29%	ICAM1/MMP2/NGFR/ITGA4/EPHA4/EPHB2/ABCC1/VCAM1/LRP1/TLR6/CASP4/FOXO3/MMP3/FYN/CACNA2D1/APOE
GO:0051607	defense response to virus	269	0.396858160447183	1.57376995953259	0.000347077296377608	0.00891157447455696	0.00740916914416651	1575	tags=17%, list=8%, signal=16%	TNFAIP3/ZC3H12A/IFIH1/IFI44L/IL6/GBP2/IRF1/IFIT2/PARP9/TLR3/MX1/IFNGR1/DDX60/TRIM22/IRF2/IFNE/HERC5/DTX3L/TRAF3IP2/IFI16/IFNAR2/LYST/NLRC5/IKBKE/TRIM13/CARD8/IFIT3/ABCC9/UNC13D/TRIM8/ZNF175/APOBEC3G/PMAIP1/TRAF3/RB1CC1/SAMHD1/TLR2/MX2/CASP1/TRIM52/RTP4/IRF7/MLKL/STAT1/ATG14/IL10RB/IFIT1
GO:0044843	cell cycle G1/S phase transition	236	-0.39919694740691	-1.551220488376	0.000346674925601693	0.00891157447455696	0.00740916914416651	2966	tags=28%, list=15%, signal=24%	GSPT1/DGKZ/ADAMTS1/RBL1/PKD1/APPL2/CDKN2D/EIF4G1/MAP3K11/RBBP8/PSME3/ACTL6A/BCL7B/TAF10/TCF3/SMARCA4/TMSB4X/SDE2/TCIM/WEE1/DBF4/RRM1/AKT1/TFDP1/SMARCD3/PLCB1/CCNB2/PLK5/CDKN3/KIF14/RFWD3/RASSF1/CDK2AP2/CCND1/EZH2/DPF1/STOX1/TBX2/MTBP/POLE/FAM83D/STIL/INHBA/CCND3/CCNF/CCNB1/BCL7A/CCNA2/CDKN2C/SKP2/LATS2/ACTB/IQGAP3/E2F1/FHL1/MIR221/CDC6/ID4/DACT1/RGCC/CDK2/CDK1/RRM2/CDC25A/CCNE2/SUSD2
GO:0006364	rRNA processing	217	-0.401566613535052	-1.55473146195067	0.000370405161469673	0.00938359742389838	0.0078016135861205	4935	tags=42%, list=25%, signal=32%	DDX54/DDX18/DROSHA/DKC1/TFB2M/NOP58/METTL18/RPS21/RRP15/RRP8/WDR46/REXO1/NOP2/DDX10/SART1/FBLL1/DCAF13/ABT1/PDCD11/EXOSC4/BUD23/BMS1/PIN4/MRM2/CHD7/YTHDF2/EXOSC2/FBL/DDX21/TSR3/MRTO4/NOP56/DDX27/RBFA/DDX51/ZNHIT6/NPM3/TRMT112/FTSJ3/RPUSD1/LAS1L/RPS15/GAR1/PES1/UTP6/WDR18/BYSL/POP5/SNU13/EIF6/NOL11/UTP3/PA2G4/TBL3/IMP3/EMG1/RRP36/WBP11/RRP7A/WDR55/PELP1/TSR2/UTP4/SPOUT1/EXOSC6/SBDS/IMP4/POP7/RRS1/RRP1/MAK16/PWP2/NHP2/NOP10/RRP9/SDE2/RRP7BP/GTPBP4/URB1/NOLC1/BOP1/BRIX1/NOL6/EBNA1BP2/ERCC2/NOC4L/DHX37/SUV39H1/EXOSC9/LYAR/ISG20
GO:0006805	xenobiotic metabolic process	92	0.508370075750846	1.77501975248657	0.000376656811763355	0.00951261264908806	0.00790887809121241	3031	tags=30%, list=16%, signal=26%	AKR1C1/ALDH3A1/CBR3/CMBL/ABCC2/ADA/PRKCE/FMO2/ABCC3/ABCC1/FMO5/ACSL1/RORA/CYP1B1/SLCO2B1/SLC22A1/SMOX/CYP2U1/ALDH2/GSTA4/AOX1/FMO4/EPHX1/CRYZ/FMO1/GSTM3/BCHE/CYP2R1
GO:0031109	microtubule polymerization or depolymerization	145	-0.44668025070976	-1.62964268275226	0.000378961314493826	0.009541455427501	0.00793285825593631	4236	tags=39%, list=22%, signal=31%	CAMSAP1/FGF13/HAUS2/MARK4/CDK5R1/SSNA1/ZNF207/TRPV4/FES/TBCD/MAP7D3/NCKAP5/SKA2/DCTN1/MAP1B/CLASP2/MAP4/GBA2/HSPA1B/ARL2/ARHGEF7/STMN2/MID1/EML2/CIB1/FKBP4/NEDD1/NDE1/STMN3/MZT1/NDEL1/FBXO5/GAS2L1/MAP6D1/KIF18A/TUBA1A/MAPRE1/CKAP2/NAV3/STMN1/HAUS5/PSRC1/KIF24/SKA3/HAUS8/TUBG1/HSPA1A/TPX2/MET/KIF18B/MAP1S/DIAPH3/KIF2C/SKA1/CDK1/AURKB/CRYAB
GO:0046034	ATP metabolic process	208	-0.40538775493988	-1.56053262668857	0.000381094305006925	0.00956581668347656	0.00795311243959405	4851	tags=43%, list=25%, signal=33%	MTCH2/NDUFV3/NDUFB4/GIT1/SDHB/DDIT4/NDUFB7/NCOR1/HK1/NDUFAB1/ATP5F1B/BAD/AK2/MTOR/HDAC4/RPTOR/PARG/SIRT6/NDUFA7/NDUFS8/TSPO/NDUFB6/RAN/STOML2/NDUFB8/NDUFS6/NDUFA6/PKM/NDUFA8/NDUFC1/SELENON/ATP5ME/ATP1A2/ATP5MF/SLC25A13/ATP5MG/DNAJC30/AK1/EIF6/MYH3/NDUFA12/HSPA1B/NDUFA13/ARL2/ATP5MC1/JMJD8/NDUFA11/NDUFB11/IER3/SRC/TMSB4X/ATP6V0C/PARP1/NDUFA1/NDUFB2/NDUFA3/ATP5F1E/PRKACA/ALDOA/GAPDH/PINK1/VCP/BEND3/GPI/YAP1/AK5/OGDH/ATP5IF1/ENO2/ALDOC/ENO1/SLC25A25/LDHA/PGAM1/TPI1/MAP2K1/PRKAG2/PFKL/AK4/ATP1B1/SLC4A4/UCP2/PFKP/HSPA8/HSPA1A/HK2/TGFB1/PGK1/PGM1/PFKFB3
GO:0060759	regulation of response to cytokine stimulus	172	0.43334609527093	1.6190633074241	0.000395675830460255	0.0098714505058291	0.00820721935329974	2518	tags=24%, list=13%, signal=21%	TNFAIP3/IFIH1/IL6/IRAK2/IRAK3/PARP9/PARP14/ADAM17/RBM47/KLF4/CREBRF/CYLD/TRAF3IP2/RFFL/IL1R1/TXK/NLRC5/IKBKE/CARD8/ROBO1/PPARG/CSF1/SAMHD1/TLR2/CASP1/CASP4/CASP8/VRK2/IRF7/USP25/CCDC3/ANGPT1/PRKN/MAP2K5/RIPK2/ULK1/TNFRSF1A/TRIM6/IL1R2/NAIP/ANXA4
GO:0008543	fibroblast growth factor receptor signaling pathway	73	-0.524717768716721	-1.73038216150021	0.000412830671221977	0.0102063679198493	0.0084856729281296	3183	tags=36%, list=16%, signal=30%	FGFR1/FLRT2/FIBP/RHOD/GRB2/ZDHHC16/SPRY1/NDST1/NPTN/EXT1/WNT4/FLRT3/FGF1/SMOC2/TBX2/GALNT3/THBS1/FGFRL1/FGF7/HHIP/FGF5/SHCBP1/NOG/SPRY4/FGFR3/FGFR2
GO:0010700	negative regulation of norepinephrine secretion	5	-0.935420403790299	-1.69072141884017	0.000415324570459976	0.010211300911224	0.00848977426483346	231	tags=60%, list=1%, signal=59%	ADRA2B/ADRA2C/ADRA2A
GO:0019372	lipoxygenase pathway	8	-0.879447630480994	-1.81043745585374	0.000423096277051767	0.0103049680772727	0.0085676500519338	15	tags=25%, list=0%, signal=25%	ALOX15/PTGS2
GO:0051447	negative regulation of meiotic cell cycle	16	-0.781731695606927	-1.8917689030117	0.000424437676494	0.0103070545818425	0.00856938479199813	1363	tags=50%, list=7%, signal=47%	FBXO5/RAD1/KNL1/TRIP13/TTK/ZWINT/PKMYT1/DUSP1
GO:0034508	centromere complex assembly	29	-0.669770715443262	-1.83056464467225	0.000427125067846385	0.0103113016378916	0.00857291583544308	1496	tags=48%, list=8%, signal=45%	OIP5/CENPK/CENPF/CENPV/CENPA/CENPO/CENPI/KNTC1/CENPN/DLGAP5/HJURP/CENPW/CENPX/CENPE
GO:0006720	isoprenoid metabolic process	96	0.498552415537135	1.75151343668486	0.000447615769584436	0.010711458416178	0.00890561004823048	2182	tags=25%, list=11%, signal=22%	ADH1B/AKR1B10/AKR1C1/AKR1C3/AKR1B1/HMGCS1/LSS/ADH1C/ALDH3A2/DGAT2/HMGCR/FDFT1/LRP1/IDI1/CYP4V2/PRMT3/CYP1B1/MVK/SCPEP1/AKR1B15/NPC2/LIPA/CEL/MVD
GO:0110075	regulation of ferroptosis	17	0.760196664643487	1.89795073016985	0.000455336826584445	0.0108330570220438	0.00900670830433854	1659	tags=47%, list=9%, signal=43%	FTH1/SQSTM1/SLC7A11/DHCR7/SC5D/NFE2L2/KAT2B/AIFM2
GO:0061718	glucose catabolic process to pyruvate	19	-0.748317681237645	-1.87203816958978	0.000463957349364181	0.0109429940332793	0.00909811099796728	1471	tags=53%, list=8%, signal=49%	GPI/YAP1/ENO2/ENO1/PGAM1/TPI1/PFKL/PFKP/HK2/PGK1
GO:0052548	regulation of endopeptidase activity	11	-0.833183172101982	-1.86440238769697	0.000465728178941906	0.0109532862256595	0.00910666802618121	1991	tags=55%, list=10%, signal=49%	SERPINB9/GAPDH/PRELID1/SERPINB8/MBP/VSIR
GO:0033623	regulation of integrin activation	13	-0.80269498341506	-1.87672616755843	0.000473204400290916	0.0110973191931081	0.00922641842732635	3173	tags=77%, list=16%, signal=64%	PTGER4/PIEZO1/RAP1B/FARP2/SRC/JAM3/FBLIM1/KIF14/RASIP1/FERMT2
GO:0040020	regulation of meiotic nuclear division	26	-0.685718272669413	-1.85099834329801	0.000484298644552845	0.0113251375341588	0.00941582879782904	1368	tags=42%, list=7%, signal=39%	PLCB1/FBXO5/PDE3A/WNT4/RAD1/CALR/KNL1/RAD51AP1/CDC20/TRIP13/ZWINT
GO:0010644	cell communication by electrical coupling	29	-0.668079707464816	-1.82594291465654	0.000493472648631333	0.0114742875353144	0.00953983355025178	1915	tags=45%, list=10%, signal=40%	GJC1/GJD3/PRKACA/ATP1A3/CALM3/GJC2/DBN1/CACNA1C/ATP1B1/KCNA1/IRX3/SLC8A1/PDE4D
GO:0051656	establishment of organelle localization	369	-0.357672247713701	-1.45184723565297	0.000499716391664078	0.011570698593468	0.00961999063576655	3786	tags=31%, list=19%, signal=26%	KIF5B/YWHAZ/TLE6/DTNBP1/LIMK2/TRAK1/FNBP1L/FES/SPRY2/STK25/KPNB1/INPPL1/RIPOR1/LTV1/SNAP29/EXOC6/TSG101/SEC16A/RAB7A/BAIAP3/IL4R/PEX14/SKA2/RPS15/PEF1/CBL/STARD3NL/TSPAN9/DCTN1/GBF1/TRAPPC2L/GPSM2/MLPH/TRAK2/MAP1B/EIF6/CLASP2/TRAPPC5/MAP4/KXD1/TESK1/DNM2/ATP9A/PKD1/VPS4A/STXBP1/AP3D1/LAT/COPG1/LIN7B/RHOT2/TRAPPC3/SPRY1/IKBKG/ARHGAP21/APOLD1/BORCS8/TRAPPC1/PREB/ATP13A2/SDC4/RAB11B/SYNE2/KIT/NUDC/MAP4K2/PINK1/BLOC1S1/MYO19/KIF1C/YKT6/TMED9/LMNA/NDE1/PTGDS/UBB/NDEL1/TMEM201/CDR2L/RAC2/GPSM1/SPDL1/TUBA1A/NECTIN2/MAPRE1/CENPA/TRAPPC4/CFL1/MAP2K1/MGARP/SAPCD2/NEFH/NUSAP1/PLK1/UNC13A/SKA3/NDC80/CENPE/EZR/MYH9/ADORA2B/MAD2L1/ESPL1/SDC1/NR4A3/MYO1C/MAP1S/SPAG5/GATA2/LMNB1/FMN2/LMNB2/SKA1/TACC3/ACTN4/MYH10
GO:0030279	negative regulation of ossification	33	-0.651621624043927	-1.83706277393022	0.000509133882523136	0.0117058008620445	0.00973231596755857	2897	tags=48%, list=15%, signal=41%	NOTCH1/RFLNB/MEF2C/LTBP3/SRGN/MDK/SMAD7/PTK2B/CHSY1/TRPM4/DKK1/SMAD6/TGFB1/SOST/BCOR/SFRP1
GO:0032970	regulation of actin filament-based process	356	-0.359992952540638	-1.45906891423551	0.000536399237657885	0.0121960247720109	0.0101398928640795	3130	tags=30%, list=16%, signal=25%	CORO1A/DIXDC1/RHOA/NAA20/RHOD/TNNC1/ABRACL/SSH1/CLASP2/SPTBN2/TESK1/PFN2/C15orf62/GBA2/GRB2/ARF6/CTTN/BAIAP2/PICK1/RHPN2/FCHSD1/ARAP3/NCK2/SLIT2/RND2/INPP5K/TGFB3/F11R/CSF1R/SHANK1/HAX1/CAPZB/TAOK2/SDC4/TMSB4X/JAM3/SSH3/ECT2/PRKCD/ARF1/ARPC5L/NF2/ARPC2/SWAP70/PDGFRB/CDC42EP2/EPHA5/PDXP/CIT/DSP/RAC2/LIMA1/CFL2/RHOBTB1/BAIAP2L1/WNT4/PFN1/DSTN/CACNA1C/COTL1/RHOF/STC1/SYNPO2/FERMT2/PTK2B/RHOBTB2/FLNA/CFL1/RAPGEF3/BST1/ATP2A2/STMN1/ARPC5/DLC1/SYNPO/TRPM4/MTSS1/DAPK3/RHOC/SH3BP1/VASP/CDC42EP1/SLC4A2/CNN2/DAAM2/ACTG1/MYH9/MET/CARMIL2/FSCN1/TPM1/TGFB1/KANK1/RGS4/WDR1/PLEKHG2/RGCC/MYADM/ACTA2/EDN1/LIMCH1/SFRP1/PDE4D/PDE4B/LMOD1/NEDD9
GO:0032370	positive regulation of lipid transport	71	0.545081196294181	1.82315660962459	0.0005435224181861	0.0122898953401419	0.0102179377616369	1981	tags=34%, list=10%, signal=30%	CYP19A1/CES1/ATP8A1/P2RX7/PTCH1/C1QTNF1/FABP3/ABCA7/NKX3-1/PLA2R1/DAB2/PPARG/LPCAT3/ABCA8/ABCA5/LRP1/ACSL1/NFKB1/PLA2G4A/SIRT1/ACSL5/PLTP/APOE/P2RX4
GO:0043549	regulation of kinase activity	225	-0.392965269198118	-1.51868532094348	0.000543036529569998	0.0122898953401419	0.0102179377616369	3317	tags=30%, list=17%, signal=25%	MEN1/XRCC6/AGT/CARD10/FGFR1/MIDN/RHOA/ADCY8/PRLR/ELANE/DUSP7/RBL1/MAP3K11/LAT/GAS6/CEP85/CDKN1C/TRIB2/CSF1R/RASSF2/BLM/DEPTOR/SRC/MST1R/CIB1/ECT2/ZNF622/NRG1/MAP4K2/CAMK1/TCIM/CHMP6/PDGFRB/CDC37/ERBB2/LDB2/CDKN3/TRAF4/KIF14/RASIP1/SYNPO2/PTK2B/EZH2/FGF1/SERTAD1/STOX1/MAP2K1/CDC25C/EMP2/CORO1C/CENPE/TPX2/LATS2/CDC6/FLT1/TPD52L1/CLSPN/CEMIP/ADARB1/MAP2K3/CDC25A/CCNE2/PKMYT1/DUSP1/GPRC5A/NEDD9/LEP
GO:0001701	in utero embryonic development	386	-0.350486091508931	-1.42902624408994	0.000561613558915579	0.0126293810728194	0.010500189480749	2564	tags=23%, list=13%, signal=21%	TTLL4/TEAD4/OTUD7B/RBBP8/DSC3/CDKN1C/RIC8A/DAD1/ACTL6A/TENT5C/ADCY9/RRP7A/ALKBH1/INPP5K/BAP1/TGFB3/NR2F2/APBA1/PRPF19/SBDS/TAF10/RPA1/MGAT1/MBNL1/APOB/PLCD3/CCM2/BCL2L1/MAFF/ZPR1/GSE1/ZMIZ1/BRCA2/C2CD3/STMN3/IGF2/GPI/NDEL1/YAP1/AKT1/PSMC3/SLC25A20/CITED2/CCNB2/MSH2/ETNK2/DBN1/SH3PXD2A/ERCC2/WNT2/SUV39H1/RDH10/CMIP/PLK4/E2F8/MAP2K1/ADM/FOSL1/MYO1E/PITX2/STIL/CEBPA/CCNB1/SRF/GINS4/NEK2/NXN/XRCC2/MYH9/ARNT2/PTH1R/LATS2/TM4SF1/GATA2/DIAPH3/NCAPG2/BCOR/KLF2/GINS1/KRT8/ASF1B/SNAI1/NOG/RRM2/EDN1/KRT19/FZD5/SOX8/FGFR2/MYH10
GO:0007019	microtubule depolymerization	49	-0.581140594628621	-1.79045949904953	0.000578511093312575	0.0129738225516656	0.0107865614551206	2099	tags=35%, list=11%, signal=31%	STMN2/MID1/CIB1/STMN3/GAS2L1/MAP6D1/KIF18A/CKAP2/NAV3/STMN1/KIF24/TPX2/KIF18B/MAP1S/DIAPH3/KIF2C/AURKB
GO:1904668	positive regulation of ubiquitin protein ligase activity	6	-0.924614293137956	-1.75791983763766	0.000603727928952083	0.0134657577196704	0.0111955611081131	604	tags=67%, list=3%, signal=65%	PLK1/CDC20/UBE2S/UBE2C
GO:0001819	positive regulation of cytokine production	405	0.348141604701565	1.43624000902875	0.000644033604900263	0.0142485925310549	0.0118464175360148	1483	tags=16%, list=8%, signal=15%	C3/IFIH1/IL6/GPRC5B/IL18R1/IL16/BCL3/IRF1/IL32/CD34/HTR2A/LACC1/POSTN/TNFRSF14/IRAK3/TLR3/ADAM17/P2RX7/ZBTB20/IFNGR1/BTN3A1/RBM47/CHI3L1/LUM/HEG1/HGF/CLU/PIK3R1/LRRK2/TRIM16/NFATC4/F3/BTN3A2/XAF1/IFI16/LY96/IL1R1/TXK/IKBKE/IL17RC/CARD8/PLA2R1/EPHB2/PANX2/CX3CL1/PF4/MCOLN2/B2M/TRAF3/TLR1/RUNX1/CD58/TLR2/CASP1/TLR6/JAK2/RORA/IL20RB/CYP1B1/SIRT1/SECTM1/CASP8/POU2F2/IRF7/STAT1
GO:0050708	regulation of protein secretion	225	-0.390813179676558	-1.51036818194436	0.000655985925708339	0.0144740120382098	0.0120338334928329	3420	tags=31%, list=18%, signal=26%	RHBDF1/PRKCA/BAIAP3/FKBP1B/ORAI1/RHBDD3/GNAS/RAB11FIP5/MIDN/TLR4/NKX6-1/C2CD2L/ADCY8/RAB11FIP3/FOXO1/ARF6/PICK1/ITPR1/STX1A/ADCY5/MYO18A/EIPR1/FRMD4A/TGFB3/SOX4/LRP5/ATP13A2/PPARD/PARD6A/MPC2/PTPN23/GNAI1/CHRM3/CPT1A/PRKACA/PSMD9/SIDT2/TRH/GPR27/IRS1/EPHA5/DYNLL1/ABAT/KCNN4/NEO1/PLCB1/EXPH5/TFAP2B/SLC25A22/RAB11FIP1/LRRC8A/GNA11/BMP6/RAPGEF3/TRPM4/PFKL/UCP2/CD200/TGFB1/IDH2/DRD2/RBP4/ADRA2C/KCNB1/ADRA2A/MYOM1/MYH10/LEP/ANKRD1/NMU
GO:0001649	osteoblast differentiation	218	-0.393220865573239	-1.52456352716977	0.000668053898104047	0.0146614609509038	0.012189680330449	2459	tags=25%, list=13%, signal=22%	MEF2C/RDH14/RORB/RASSF2/MIR24-1/LRP5/RRBP1/SKI/IL6R/PTHLH/CBFB/PRKACA/ILK/ALYREF/GTPBP4/MIR125B1/IGF2/IFITM1/YAP1/AKT1/FOSL2/FBXO5/TPM4/WNT4/AXIN2/FERMT2/BMP6/GLI2/TRPM4/RSPO2/FBN2/SMOC1/CEBPA/FZD1/PTH1R/SMAD6/EPHA2/IGFBP2/ID4/FHL2/SCUBE3/BMP4/CRIM1/ERFE/ID1/SNAI1/NOG/SMAD9/SFRP1/SEMA7A/SOX8/BAMBI/PENK/FGFR2/ID3
GO:0048165	fused antrum stage	5	0.946087995669704	1.72691546688969	0.000686041057762705	0.0149364058411573	0.012418272169414	769	tags=60%, list=4%, signal=58%	TNFAIP6/BMPR1B/PTX3
GO:0033688	regulation of osteoblast proliferation	25	-0.682061149325394	-1.81965037043951	0.000720899997296537	0.0156125255351187	0.0129804046173405	2143	tags=36%, list=11%, signal=32%	LRP5/NF2/AXIN2/FBLN5/HPSE/NPR3/SFRP1/SOX8/FGFR2
GO:0098739	import across plasma membrane	165	0.430505132727292	1.6003488631214	0.00073876344910745	0.0158647630346795	0.0131901173122278	1782	tags=15%, list=9%, signal=14%	SLC39A8/SLC43A2/STEAP2/SLC12A8/SLC39A14/SLC9A9/SLC7A11/SLC6A6/CACNA1G/SLC7A8/ANK2/PCSK9/ABCC9/SLC9A7/TRPV1/ACSL1/SLC6A9/SLC36A4/SLC47A1/SLC22A4/ACSL5/FYN/ISCU/CACNA2D1/SLC43A1
GO:0007625	grooming behavior	11	-0.821424583883056	-1.83809035849936	0.000744287974308066	0.0159091554508349	0.0132270255960504	2036	tags=36%, list=10%, signal=33%	HPRT1/SLC1A1/DRD2/NMU
GO:0048387	negative regulation of retinoic acid receptor signaling pathway	8	-0.867920164469597	-1.78670692828759	0.000754432755325319	0.0160424457401819	0.0133378444307991	2071	tags=75%, list=11%, signal=67%	CYP26B1/ZNF536/TGIF1/DHRS3/CALR/EZH2
GO:0050878	regulation of body fluid levels	315	-0.36884095013409	-1.47971780995215	0.000758818040926015	0.0160940012401052	0.0133807081716941	3322	tags=29%, list=17%, signal=24%	ANXA5/VAV2/CLIC1/PRICKLE1/GNA12/GNAS/TLR4/NCOR2/TSPAN9/FIBP/DGKZ/MYO5B/PRLR/AXL/SERPING1/HPS6/STXBP1/ANXA2/GGCX/GAS6/PRRG2/F10/HYAL2/INPP5K/F11R/ITPK1/NME1/SRC/VKORC1/COMP/AQP3/CHRM3/IL6R/PRKCD/NEGR1/PTPRO/CD9/PRKACA/WNK4/ILK/EXT1/GPI/KCNN4/TYRO3/HPS5/FOSL2/CELSR2/GNAI2/WFS1/SERPINE1/CYBA/CCND1/PLAUR/FLNA/VCL/TLN1/ADM/UBASH3B/DDR1/THBS1/SH2B3/HPSE/EMP2/ANGPTL2/ANGPTL4/SRF/MYL12A/ACTG1/MYH9/SLC29A1/ENTPD1/HK2/EMILIN2/DGKI/ADCY6/HSPB1/DRD2/ACTB/ADRA2C/CSRP1/ADRA2A/PLAT/TSPAN18/EDN1/AQP1/MYL9/NPR3/VTN/OXTR/SOCS2/VAV3
GO:0071692	protein localization to extracellular region	321	-0.357958051101982	-1.43625587138389	0.00076747376002403	0.0162356304697867	0.0134984600820287	3420	tags=28%, list=18%, signal=23%	RHBDF1/NEK7/PRKCA/BAIAP3/FKBP1B/ORAI1/RHBDD3/GNAS/RAB11FIP5/MIDN/TLR4/NKX6-1/C2CD2L/ADCY8/RAB11FIP3/FOXO1/COMT/ARF6/HPS6/PICK1/COPG1/ITPR1/STX1A/ADCY5/MYO18A/EIPR1/FRMD4A/MON1A/TGFB3/SOX4/RAF1/TANGO2/LRP5/ATP13A2/PPARD/COMP/PARD6A/MPC2/PTPN23/AP1B1/GNAI1/CHRM3/RAB11B/NBL1/CPT1A/PRKACA/PSMD9/SIDT2/TRH/GPR27/IRS1/ARL4D/EPHA5/DYNLL1/ABAT/KCNN4/NEO1/PLCB1/RIMS2/EXPH5/TFAP2B/SLC25A22/RAB11FIP1/LRRC8A/SNCG/TANGO6/GNA11/BMP6/RAPGEF3/TRPM4/PFKL/B3GLCT/FBN2/UCP2/CD200/CAVIN1/TGFB1/IDH2/DRD2/RBP4/ADRA2C/KCNB1/ADRA2A/MYOM1/MYH10/OLFM2/LEP/ANKRD1/NMU
GO:0016137	glycoside metabolic process	16	0.789201879923142	1.96560152260761	0.000774326347287623	0.0163040977609423	0.0135553844495985	119	tags=31%, list=1%, signal=31%	AKR1B10/AKR1C2/AKR1C1/AKR1C3/AKR1B1
GO:0035924	cellular response to vascular endothelial growth factor stimulus	76	-0.512670402931731	-1.69931073015194	0.000789811803535236	0.0164120893251069	0.0136451696797307	1606	tags=22%, list=8%, signal=21%	PDGFRB/AKT1/DAB2IP/SEMA6A/CADM4/SMOC2/ADAMTS12/PGF/MYO1C/HSPB1/EGR3/GAS1/FLT1/MAP2K3/SPHK1/VTN/NR4A1
GO:0001501	skeletal system development	454	-0.33745799497926	-1.39464800822035	0.000793848638295543	0.0164145433581444	0.0136472099865151	2260	tags=20%, list=12%, signal=19%	THRA/RASSF2/NDST1/SBDS/SERPINH1/LRP5/SRC/VKORC1/CYP26B1/SKI/COMP/CDH11/MTHFD1/THBS3/PTHLH/RAB23/GSC/ARID5B/ACP2/LTBP3/COL13A1/ACD/EXT1/RARB/FOSL2/MBOAT2/FST/CITED2/IRX5/CREB3L2/AXIN2/TMEM107/WNT9A/NSD2/MDK/DHRS3/STC1/RDH10/PLS3/ALX3/SMAD7/GNA11/GHR/EFEMP1/ETS2/BMP6/CHSY1/TIPARP/FBLN5/GLI2/ITGB8/KIAA1217/GALNT3/RSPO2/ADAMTS12/PITX2/B3GLCT/FBN2/RAI1/EN1/POC1A/WNT5B/FGFRL1/SRF/HHIP/FOXC2/NAB2/LEPR/PRELP/PTH1R/TGFB1/DLX3/ANKH/CSRNP1/EPHA2/RBP4/ADAMTS7/BMP4/CMKLR1/EXTL1/SNAI1/NOG/EDN1/ARID5A/NPR3/WNT2B/SFRP1/FGFR3/TGM2/FGFR2/LEP/HAPLN3/ACAN
GO:0022613	ribonucleoprotein complex biogenesis	449	-0.336482343815547	-1.39061647979726	0.000805695875539862	0.016532879366078	0.0137455956871709	5198	tags=39%, list=27%, signal=29%	RPS19BP1/RPS25/RPUSD2/PRPF8/NAT10/DDX56/MYBBP1A/PTGES3/HTATSF1/DDX54/DDX18/NOM1/DROSHA/DKC1/MCAT/NGRN/TFB2M/NOP58/METTL18/SRSF10/RPS21/RRP15/RUVBL1/RRP8/EIF3K/WDR46/REXO1/NOP2/DDX10/SART1/PRMT7/DDX28/FBLL1/DCAF13/ABT1/PDCD11/EXOSC4/SART3/USP39/RBM10/FAU/BUD23/TXNL4A/BMS1/PIN4/DDX23/LSG1/MRM2/CHD7/EIF3B/AGO2/YTHDF2/EXOSC2/FBL/PRMT5/DHX9/RAN/SF3B5/EIF4H/GNL2/EIF3G/DDX21/ZNF593/TSR3/MRTO4/PHF5A/SF3B3/NOP56/SNRPC/DDX27/RBFA/LTV1/DDX51/PNO1/AATF/PRPF6/ZNHIT6/GEMIN2/NPM3/TRMT112/FTSJ3/RPUSD1/LAS1L/EIF3I/RPS15/SNRPG/GAR1/PES1/UTP6/WDR18/SRSF1/USP4/BYSL/WDR77/SF3B2/POP5/PUF60/NIP7/SNU13/NCBP1/EIF6/SRSF9/SNRPD2/NOL11/UTP3/TSSC4/GEMIN7/SF3A1/PA2G4/TBL3/IMP3/WEE2-AS1/EMG1/CD2BP2/RCC1L/RRP36/WBP11/PRPF31/RPL26L1/SNRPD1/RRP7A/WDR55/PELP1/TSR2/UTP4/SCAF11/SPOUT1/EXOSC6/SURF6/PRPF19/SBDS/IMP4/POP7/RRS1/RRP1/MAK16/PWP2/NOP16/NHP2/SF1/NOP10/RRP9/SDE2/URB2/U2AF2/RRP7BP/ZNF622/SNRPD3/MPV17L2/ERAL1/GTPBP4/URB1/RUVBL2/NOC2L/NOLC1/SF3B4/BOP1/BRIX1/NOL6/SNRPA1/LSM4/BUD13/MALSU1/EBNA1BP2/SHQ1/ERCC2/NOC4L/SNRPB/DHX37/HSP90AA1/SUV39H1/EXOSC9/LYAR/ISG20
GO:0090131	mesenchyme migration	5	-0.924275493249135	-1.67057760020349	0.000816505263946993	0.0167037418345711	0.0138876523947785	285	tags=60%, list=1%, signal=59%	ACTG2/ACTA2/ACTC1
GO:0046631	alpha-beta T cell activation	154	0.433353131495383	1.60269150098835	0.000818092619090836	0.0167037418345711	0.0138876523947785	2095	tags=21%, list=11%, signal=19%	RELB/ZC3H12A/NFKBIZ/IL6/IL18R1/BCL3/IRF1/TNFRSF14/ADA/PRDM1/NCR3LG1/PIK3R1/LGALS3/CLEC2B/GLI3/JUNB/HLX/RUNX1/JAK2/RORA/SEMA4A/ENTPD7/ITPKB/DOCK2/JAK1/FOXP1/KMT2A/MYC/RIPK2/BCL6/ZBTB7B/ABL1
GO:0001915	negative regulation of T cell mediated cytotoxicity	5	-0.92373014749516	-1.66959191746321	0.000834751003896983	0.0168344870761338	0.0139963552522026	34	tags=40%, list=0%, signal=40%	KLRC1/IL7R
GO:0006790	sulfur compound metabolic process	233	0.388907603786294	1.53049665514733	0.000841758004069065	0.0169341904348012	0.014079249588183	3558	tags=28%, list=18%, signal=23%	SOD2/SLC7A11/HMGCS1/TPST1/PDK4/ELOVL2/MTHFD2L/FMO3/GCLM/GCLC/ACSM3/DGAT2/ACACB/HMGCR/IDH1/BHMT2/NFE2L2/CHST1/SQOR/CROT/ACSL1/MTHFR/SLC19A3/PDK3/SLC19A2/GSR/ACOT1/LIAS/MCEE/ACSL5/MVK/AASS/GAL3ST4/NUDT7/OXSM/TPK1/SP1/GSTM5/GSTA4/THTPA/GSTZ1/PPT2/PANK3/MVD/SUOX/CTH/PPCDC/SIRT4/SLC1A2/BLMH/FMO1/CDO1/PTER/GSTM3/ARL6IP5/DBT/MCCC1/ENPP1/SUCLG2/FASN/AHCYL2/AADAT/CBR4/BTD/TDO2/G6PD
GO:0090224	regulation of spindle organization	46	-0.580196957661496	-1.77350383761621	0.000844430744609347	0.0169464243319157	0.0140894209684787	3455	tags=46%, list=18%, signal=38%	RNF4/SASS6/FSD1/DCTN1/GPSM2/PKD1/HSPA1B/NUP62/GNAI1/BORA/CHMP6/CHMP1A/RIPOR2/PSRC1/STIL/PLK1/CHMP3/HSPA1A/TPX2/SPAG5/TACC3
GO:0051385	response to mineralocorticoid	29	-0.652203850546907	-1.78255227110091	0.000858468543721027	0.0171861214801517	0.0142887074940781	3956	tags=62%, list=20%, signal=50%	RAN/STK39/SCNN1A/PRKCA/COMT/KRAS/CARD9/PARP1/SGK1/CALM3/NPAS4/CYBA/CCND1/HCN2/SH3RF1/INHBA/FOS/EDN1
GO:1903530	regulation of secretion by cell	470	-0.331539077900392	-1.37580673969902	0.000868818636150411	0.0173088916638897	0.0143907798113519	3428	tags=27%, list=18%, signal=23%	TSG101/RHBDF1/RAB7A/PRKCA/BAIAP3/IL4R/FKBP1B/MICAL1/ORAI1/AGT/TPCN2/RHBDD3/FGFR1/GNAS/RAB11FIP5/MIDN/TLR4/NKX6-1/C2CD2L/FBXO45/ADCY8/RAB11FIP3/TSPOAP1/HTR1B/CLASP2/FOXO1/NOTCH1/PFN2/ATP9A/VPS4A/ARF6/STXBP1/KMO/ANXA2/GGCX/PICK1/ITPR1/STX1A/ADCY5/MCTP2/MYO18A/MEF2C/EIPR1/RAP1B/FRMD4A/RAB26/VPS18/TGFB3/IL11/SOX4/GDNF/LRP5/ATP13A2/PPARD/SDC4/PARD6A/MPC2/PTPN23/GNAI1/CHRM3/GRK2/CPT1A/PRKACA/PSMD9/SNCAIP/SIDT2/TRH/PINK1/GPR27/RAB15/IRS1/EPHA5/DYNLL1/ABAT/KCNN4/MYOF/NEO1/ITSN1/PLCB1/MIF/GNAI2/RAC2/CALM3/RIMS2/EXPH5/TFAP2B/SLC25A22/RAB11FIP1/LRRC8A/RIMS3/SNCG/GNA11/BMP6/PTGES/RAPGEF3/ATP2A2/CBARP/TRPM4/ITGB2/PFKL/PASK/UCP2/INHBA/CD200/MCTP1/ADORA2B/SDC1/RAB3B/TGFB1/IDH2/DRD2/RBP4/GATA2/ADRA2C/RGCC/RASL10B/KCNB1/ADRA2A/MYOM1/SYT15/EDN1/SYT12/RIMS1/MYH10/LEP/ANKRD1/NMU
GO:0097707	ferroptosis	18	0.766269279606852	1.95408548013284	0.000874606073526642	0.017382001577498	0.0144515641000974	1688	tags=50%, list=9%, signal=46%	FTH1/SQSTM1/SLC7A11/DHCR7/SC5D/NFE2L2/KAT2B/AIFM2/NINJ1
GO:0045859	regulation of protein kinase activity	205	-0.402063994392847	-1.54662672293942	0.000891343563754311	0.0175868941617677	0.0146219137748461	3317	tags=30%, list=17%, signal=25%	MEN1/XRCC6/AGT/CARD10/FGFR1/RHOA/ADCY8/PRLR/ELANE/DUSP7/MAP3K11/LAT/GAS6/CEP85/CDKN1C/TRIB2/CSF1R/RASSF2/BLM/DEPTOR/SRC/MST1R/CIB1/ECT2/NRG1/MAP4K2/CAMK1/TCIM/CHMP6/PDGFRB/CDC37/ERBB2/CDKN3/TRAF4/KIF14/RASIP1/SYNPO2/PTK2B/EZH2/FGF1/SERTAD1/STOX1/MAP2K1/CDC25C/CORO1C/CENPE/TPX2/LATS2/CDC6/FLT1/TPD52L1/CLSPN/CEMIP/ADARB1/MAP2K3/CDC25A/CCNE2/PKMYT1/DUSP1/GPRC5A/NEDD9/LEP
GO:0031987	locomotion involved in locomotory behavior	11	-0.815802027472666	-1.8255088422764	0.000901064311157567	0.0177360572325691	0.0147459293934987	486	tags=45%, list=2%, signal=44%	CLN6/RCAN2/FZD4/DRD2/RCAN1
GO:0002467	germinal center formation	11	0.864269174048471	1.93969133390998	0.000911341522448463	0.0177989029610341	0.0147981799395178	655	tags=64%, list=3%, signal=62%	TNFAIP3/BCL3/TNFSF13B/ADAM17/ADA/NFKB2/UNC13D
GO:0000915	actomyosin contractile ring assembly	9	-0.858832761860688	-1.82955916527799	0.000915067536934083	0.0177989029610341	0.0147981799395178	1945	tags=56%, list=10%, signal=50%	ECT2/PLEC/RACGAP1/IQGAP3/ANLN
GO:0055071	manganese ion homeostasis	5	0.939718263001966	1.71528865213861	0.000922290596134037	0.0178963622058349	0.0148792084975413	417	tags=60%, list=2%, signal=59%	SLC39A8/SLC39A14/SLC11A2
GO:0070245	positive regulation of thymocyte apoptotic process	5	0.938553836934102	1.713163199331	0.000977078396589621	0.0187818723166455	0.0156154301616924	849	tags=60%, list=4%, signal=57%	BBC3/ZC3H8/TP53
GO:0140888	interferon-mediated signaling pathway	93	0.482484469782951	1.68360106698144	0.000983752016514432	0.0188659732512861	0.0156853524915471	1828	tags=24%, list=9%, signal=22%	IFIH1/IRF1/PARP9/PARP14/IFNGR1/RBM47/IFNE/IFNAR2/TXK/NLRC5/IKBKE/PPARG/SP100/TP53/TRAF3/SAMHD1/JAK2/IRF7/STAT1/IL10RB/AZI2/JAK1
GO:0002544	chronic inflammatory response	17	0.742784853426868	1.85447940051378	0.000991927939173456	0.018890358526069	0.0157056266446734	698	tags=29%, list=4%, signal=28%	TNFAIP3/NFKBIZ/CYP19A1/UNC13D/VCAM1
GO:0141162	negative regulation of cAMP/PKA signal transduction	25	-0.672461667031712	-1.79404020113284	0.000991372602800202	0.018890358526069	0.0157056266446734	1440	tags=32%, list=7%, signal=30%	PDE1C/PDE5A/PDE3A/PDE10A/PDE7B/PDE9A/PDE4D/PDE4B
GO:0034599	cellular response to oxidative stress	234	0.378818036193421	1.48800696734398	0.00103879665434091	0.019511311072838	0.0162218925932605	2411	tags=25%, list=12%, signal=22%	SOD2/TNFAIP3/ZC3H12A/IL6/GCH1/SLC7A11/MGST1/MMP2/TP53INP1/KLF4/MDM2/NCOA7/HGF/TRPA1/LRRK2/SRXN1/SLC11A2/ZNF277/PDGFRA/PJVK/FUT8/PTPRK/PLA2R1/PEX2/ABCC1/NFE2L2/TP53/TXN/ERCC6L2/ERN1/PPARGC1A/GSR/DDR2/FOXO3/CYP1B1/SIRT1/DHRS2/MMP3/VRK2/ATM/USP25/FYN/KAT2B/SLC4A11/NET1/AIFM2/PRKN/FOXP1/OSER1/FOXO4/OXR1/ABL1/CYGB/ATF4/EDNRA/KDM6B/PEX5/PNPLA8
GO:0016072	rRNA metabolic process	258	-0.370452071987275	-1.45701312612279	0.00104457306132135	0.0195750129847618	0.0162748549784819	4935	tags=41%, list=25%, signal=31%	DDX54/DDX18/DROSHA/DKC1/TFB2M/NOP58/METTL18/RPS21/POLR1A/RRP15/RRP8/NCL/WDR46/REXO1/NOP2/MTOR/DDX10/SART1/FBLL1/SMARCB1/DCAF13/ABT1/PDCD11/EXOSC4/GTF3C2/BUD23/BMS1/PIN4/MRM2/CHD7/YTHDF2/EXOSC2/FBL/DDX21/TSR3/MRTO4/NOP56/TCOF1/DDX27/RBFA/DDX51/GTF3C5/POLR1E/ZNHIT6/NPM3/TRMT112/FTSJ3/RPUSD1/LAS1L/RPS15/GAR1/PES1/UTP6/WDR18/BYSL/POP5/SNU13/EIF6/NOL11/UTP3/PA2G4/TBL3/POLR2E/IMP3/EMG1/RRP36/WBP11/RRP7A/WDR55/PELP1/BRF1/TSR2/UTP4/SPOUT1/EXOSC6/SBDS/IMP4/POP7/SMARCA4/RRS1/RRP1/MAK16/PWP2/NHP2/NOP10/RRP9/SDE2/RRP7BP/GTPBP4/URB1/SLFN12/TRIR/NOLC1/BOP1/BRIX1/NOL6/SLFN13/EBNA1BP2/ERCC2/NOC4L/DHX37/SUV39H1/EXOSC9/LYAR/CAVIN1/ISG20
GO:2000047	regulation of cell-cell adhesion mediated by cadherin	22	-0.694535814995616	-1.80374528826677	0.00105389936364231	0.019704797213613	0.0163827588406501	2897	tags=41%, list=15%, signal=35%	NOTCH1/FLOT1/PTPRU/MAD2L2/SMAD7/BMP6/TGFB1/RGCC/ADAM19
GO:1990542	mitochondrial transmembrane transport	26	-0.664571707569897	-1.79391621711626	0.00110648915751129	0.0204091303479836	0.0169683482156019	4883	tags=54%, list=25%, signal=40%	ABCB8/SLC25A32/SFXN3/SFXN5/SFXN1/VDAC1/UCP3/SLC25A39/SLC25A15/SFXN4/MPC2/CPT1A/SLC25A20/UCP2
GO:1902623	negative regulation of neutrophil migration	5	0.935228431368587	1.70709326256925	0.00110491692342956	0.0204091303479836	0.0169683482156019	102	tags=40%, list=1%, signal=40%	TNFAIP6/DPP4
GO:0046888	negative regulation of hormone secretion	56	-0.539889730628936	-1.7024365180237	0.001103874350805	0.0204091303479836	0.0169683482156019	3465	tags=36%, list=18%, signal=29%	ADORA1/FKBP1B/RAB11FIP5/MIDN/RAB11FIP3/FOXO1/IL11/GNAI1/PSMD9/IRS1/RAB11FIP1/PFKL/UCP2/INHBA/DRD2/ADRA2C/KCNB1/ADRA2A/EDN1/LEP
GO:1902653	secondary alcohol biosynthetic process	60	0.563200668375343	1.81910494564384	0.00113073118023923	0.0207166105522401	0.017223990229067	2870	tags=38%, list=15%, signal=33%	INSIG1/CES1/HMGCS1/MSMO1/LSS/HMGCR/DHCR7/FDFT1/SC5D/LPCAT3/CYP51A1/IDI1/HSD17B7/MVK/SQLE/APOE/LIPA/NSDHL/GPR146/MVD/FDPS/LBR/SREBF2
GO:0002819	regulation of adaptive immune response	175	0.407492238043658	1.52870492395323	0.00113858471926842	0.0208140386987866	0.0173049929317012	2076	tags=17%, list=11%, signal=15%	C3/TNFAIP3/ZC3H12A/NFKBIZ/IL6/IL18R1/IRF1/TNFSF13B/TNFRSF14/P2RX7/ADA/IL1R1/JUNB/PMS2/EPHB2/HLX/B2M/JAK2/PLA2G4A/IL20RB/SIRT1/SECTM1/IRF7/HLA-B/TFRC/TNFRSF1B/RIPK2/BCL6/TAP2/ZBTB7B
GO:0043331	response to dsRNA	39	0.625828441660783	1.87947289519822	0.00115366787515916	0.0209901291251868	0.0174513962140384	2021	tags=31%, list=10%, signal=28%	IFIH1/NFKBIA/RFTN2/IRAK3/TLR3/P2RX7/IFNE/PMAIP1/NFKB1/SLC22A4/IFIT1/RIPK2
GO:0002685	regulation of leukocyte migration	192	0.402014217023046	1.5321000957727	0.00118518866573	0.0213579612663834	0.0177572154111475	1150	tags=14%, list=6%, signal=13%	TNFAIP6/CCL2/CXCL8/TNFSF14/ICAM1/CYP19A1/IL6/DPP4/CXCL12/TNFRSF14/ADAM17/SPNS2/ADA/PIK3R1/LGALS3/IL34/ITGA4/IL1R1/CD47/APOD/CX3CL1/CSF1/MTUS1/MMP14/VEGFC/ITGA2/BDKRB1
GO:0051258	protein polymerization	262	-0.36376526141021	-1.43235342361579	0.00120906864853973	0.0217156137138164	0.0180545711124797	3130	tags=29%, list=16%, signal=25%	CORO1A/DCTN1/RHOD/MAP1B/SSH1/CLASP2/MAP4/SPTBN2/DNM2/PFN2/C15orf62/GBA2/GRB2/ARF6/HSPA1B/ARL2/CTTN/BAIAP2/ARHGEF7/FCHSD1/NCK2/SLIT2/HAX1/CAPZB/STMN2/TMSB4X/EML2/SSH3/PRKCD/FKBP4/MSRB1/ARPC5L/NEDD1/ARPC2/PINK1/NDE1/CDC42EP2/MZT1/NDEL1/FBXO5/ARPC4/INF2/BAIAP2L1/TUBA1A/PFN1/MAPRE1/COTL1/HSP90AA1/PTK2B/NAV3/CFL1/STMN1/HAUS5/ARPC5/DIAPH1/PSRC1/VASP/CHMP3/CDC42EP1/HAUS8/TUBG1/FHDC1/HSPA1A/DAAM2/TPX2/MET/CARMIL2/KANK1/DIAPH3/SKA1/UBE2S/PLEKHG2/MYADM/UBE2C/CDK1/LMOD1/VTN
GO:0006998	nuclear envelope organization	62	-0.533820117483957	-1.71846699685751	0.00123288563562341	0.0220468960723244	0.0183300024670257	2084	tags=31%, list=11%, signal=27%	TOR1B/ICMT/REEP4/CHMP6/WEE1/LMNA/TMEM201/VRK1/CHMP1A/BANF1/NUP93/DMPK/PLK1/CHMP3/DES/LMNB1/LMNB2/CDK1/CDC25A
GO:0070948	regulation of neutrophil mediated cytotoxicity	5	0.930986004904881	1.69934946716031	0.00126928123063832	0.022544494006518	0.0187437101985555	7	tags=20%, list=0%, signal=20%	CXCL6
GO:0032364	intracellular oxygen homeostasis	10	0.860472825876317	1.89338032924461	0.00127547181127348	0.0225626565235619	0.0187588106907576	500	tags=20%, list=3%, signal=19%	SOD2/HIF3A
GO:0042026	protein refolding	28	-0.64907639275135	-1.76752682306189	0.00134430976291284	0.0235771250726251	0.0196022496467924	4322	tags=64%, list=22%, signal=50%	DNAJA1/HSPD1/BAG5/FKBP1A/DNAJB2/FKBP1B/HSPA5/HSPA1B/SDF2L1/SNRNP70/DNAJA4/HSP90AA1/HSPA8/HSPA1A/HSPB1/HSPB6/HSPA2/CRYAB
GO:0035592	establishment of protein localization to extracellular region	317	-0.36028792426931	-1.4437002725874	0.00135080293458457	0.0236404914436465	0.0196549330600646	3420	tags=28%, list=18%, signal=23%	RHBDF1/NEK7/PRKCA/BAIAP3/FKBP1B/ORAI1/RHBDD3/GNAS/RAB11FIP5/MIDN/TLR4/NKX6-1/C2CD2L/ADCY8/RAB11FIP3/FOXO1/COMT/ARF6/HPS6/PICK1/COPG1/ITPR1/STX1A/ADCY5/MYO18A/EIPR1/FRMD4A/MON1A/TGFB3/SOX4/RAF1/TANGO2/LRP5/ATP13A2/PPARD/COMP/PARD6A/MPC2/PTPN23/AP1B1/GNAI1/CHRM3/RAB11B/CPT1A/PRKACA/PSMD9/SIDT2/TRH/GPR27/IRS1/ARL4D/EPHA5/DYNLL1/ABAT/KCNN4/NEO1/PLCB1/RIMS2/EXPH5/TFAP2B/SLC25A22/RAB11FIP1/LRRC8A/SNCG/TANGO6/GNA11/BMP6/RAPGEF3/TRPM4/PFKL/B3GLCT/UCP2/CD200/CAVIN1/TGFB1/LRRC32/IDH2/DRD2/RBP4/ADRA2C/KCNB1/ADRA2A/MYOM1/MYH10/OLFM2/LEP/ANKRD1/NMU
GO:0043603	amide metabolic process	417	0.333108208622046	1.38329352604842	0.00137424519356907	0.0239995841464148	0.019953486203602	3558	tags=26%, list=18%, signal=22%	SOD2/NAMPT/DPP4/SLC7A11/HMGCS1/SPTLC3/PDK4/ELOVL2/P2RX7/IFNGR1/MTHFD2L/GCLM/GCLC/ADA/ANPEP/ACSM3/CLU/DGAT2/ACACB/HMGCR/MIR186/MME/ABCA7/GSAP/ASS1/EPHA4/IDH1/NMNAT3/ABCA8/NFE2L2/GNPDA1/CROT/TP53/LRP1/ACSL1/SLC2A13/SPON1/NAPEPLD/ST6GAL1/PDK3/CASP1/PLA2G6/UGCG/GSR/PCSK5/ACOT1/MCEE/NSMAF/GALC/ERO1B/DHFR2/ACSL5/MVK/ABHD4/AASS/APH1B/ACE/NUDT7/OXSM/NEU1/GNPDA2/TPK1/SP1/GSTM5/APOE/GSTA4/GSTZ1/NNMT/DISP1/CARNMT1/SPTSSA/PPT2/CEL/PANK3/MVD/TNFRSF1A/ATF4/ASAH1/ST6GALNAC3/SLC35A1/PPCDC/ARG2/SIRT4/SLC1A2/ATP6AP2/HEXB/NAGLU/UGT8/GSTM3/BCHE/PEMT/ASRGL1/ARL6IP5/DBT/MCCC1/SUCLG2/NPL/FASN/SLC25A16/BIN1/OSBP/AADAT/CTSL/CBR4/LDLR/BTD/BLOC1S6/AMDHD2/TDO2/G6PD
GO:0141156	cAMP/PKA signal transduction	44	-0.567109181021146	-1.70723488739717	0.00140858531181816	0.0245164517216215	0.0203832149009018	1739	tags=25%, list=9%, signal=23%	PRKACA/PDE1C/PDE5A/MIF/PDE3A/PDE10A/PDE7B/PDE9A/EDN1/PDE4D/PDE4B
GO:0048738	cardiac muscle tissue development	206	-0.386997402624812	-1.48920841378759	0.0014569992854278	0.025283404090468	0.0210208665125813	2588	tags=26%, list=13%, signal=23%	ALPK2/CTDP1/MIR23A/SOX6/MEF2C/RGS2/MIR24-1/SGCG/SKI/GJC1/NRG1/PLEC/PDGFRB/LMNA/RARB/YAP1/DSP/OBSL1/JPH2/ENG/WNT2/FZD7/SMAD7/JARID2/SORBS2/CALR/PI16/ERBB3/TBX2/IRX3/PITX2/NDRG4/DKK1/SLC8A1/CCNB1/SRF/FOXC2/TPM1/TGFB1/RGS4/PDLIM5/RBP4/TNNT2/FHL2/BMP4/PPP1R13L/NOG/CDK1/EDN1/FGFR2/MYH10/ANKRD1/ACTC1
GO:0045103	intermediate filament-based process	62	-0.526582700462382	-1.69516839516244	0.0014645656390648	0.0253610860030462	0.0210854520054566	3031	tags=31%, list=16%, signal=26%	DNAJB6/ERBIN/SYNM/NEFM/ARHGEF28/RAF1/SYNC/EPPK1/PLEC/INA/NDEL1/DSP/KRT80/NEFH/DES/NES/KRT19/KRT7/KRT18
GO:0044706	multi-multicellular organism process	182	-0.405441991086862	-1.53256071126768	0.001490238812852	0.0256433546664345	0.0213201329001866	3180	tags=27%, list=16%, signal=23%	GNAS/MAGED2/IGFBP5/EPOR/SMURF2/PRLR/EPN1/KRAS/ADCY7/TEAD4/DAZAP1/RGS2/NR2F2/PPARD/PLA2G4B/PARP1/PTHLH/FKBP4/MAFF/SLC38A3/AKT1/TEKT3/CITED2/PTGIS/ARHGDIB/WNT4/HSPG2/STC1/CALR/SYDE1/RECK/DDR1/IL11RA/TEAD3/FBN2/EMP2/SLC2A1/TGFB1/IGFBP2/FOS/ADRA2A/ITGA3/PSG5/EDN1/CORIN/CLIC5/OXTR/LEP/PSG4/PTGS2
GO:0001763	morphogenesis of a branching structure	182	-0.405163857588446	-1.53150937351399	0.00152509780746681	0.0260791725076825	0.021682476065367	2455	tags=31%, list=13%, signal=27%	TMEM59L/NOTCH1/PLXND1/PKD1/KRAS/GRB2/ETV5/PPP1CA/SLIT2/LAMA1/SPRY1/CLIC4/GPC3/GDNF/LRP5/SRC/TIMELESS/ILK/PLXNA1/COL13A1/DAG1/EXT1/YAP1/WNT4/ENG/WNT2/COL4A1/MDK/RDH10/RASIP1/FGF1/CTSH/ADM/GLI2/TBX2/MAGED1/DDR1/RSPO2/PITX2/SRF/FGF7/HHIP/FOXC2/MET/TGFB1/EPHA2/DRD2/BMP4/NOG/EDN1/FZD5/WNT2B/SFRP1/SOX8/TGM2/FGFR2
GO:0048857	neural nucleus development	60	-0.534520700912966	-1.70862174881053	0.00155291479427475	0.026444656911633	0.0219863433310399	4318	tags=45%, list=22%, signal=35%	S100A1/YWHAE/BASP1/SCRIB/CNP/CDK5R1/SEC16A/CALM1/HOXB2/HSPA5/RHOA/COX6B1/KIRREL3/PLP1/GNB4/INA/DYNLL1/CALM3/RAD1/LDHA/PITX2/ALDH1A3/YWHAH/ACTB/MBP/SYPL2/CKB
GO:0019216	regulation of lipid metabolic process	288	0.357285164006483	1.42677478145314	0.00160246160612641	0.0271756298824083	0.0225940813234396	2265	tags=21%, list=12%, signal=19%	C3/CH25H/NR0B1/AKR1C3/INSIG1/CES1/CLSTN3/PRKG1/HTR2A/PDK4/AGTR1/ZBTB20/SERPINA3/TBL1XR1/DGAT2/PRKCE/ACACB/FABP3/ABCA7/ABHD5/FMO2/SPATA18/NR1D1/APOD/IDH1/DAB2/FMO5/PPARG/LPCAT3/NR1D2/LACTB/PDK3/STARD4/RNF213/EPHX2/NFKB1/PPARGC1A/PLA2G6/PRMT3/RORA/NSMAF/SIRT1/PDGFA/ETFBKMT/ATG14/KAT2B/TRIB3/CCDC3/TPK1/NPC2/APOE/GDF15/LPIN1/OGT/SNAI2/CREBL2/GPR146/FMO4/TNFRSF1A/ASAH1/CRTC3
GO:0046686	response to cadmium ion	36	0.643028807791	1.89506856400997	0.00163195067448437	0.0275052384726236	0.0228681210908508	967	tags=14%, list=5%, signal=13%	SOD2/SLC39A8/GCLC/MT1X/ABCB6
GO:0060485	mesenchyme development	294	-0.361097016115379	-1.43485744992112	0.00167877180143904	0.028178648151762	0.0234280004062625	2334	tags=21%, list=12%, signal=19%	SPRY1/TGFB3/TRIM62/EFNB1/SOX4/TAF10/GDNF/OTUD5/MAD2L2/NRG1/MCRIP1/GSC/NCLN/NOLC1/EXT1/YAP1/CITED2/SEMA4G/SEMA3D/DAB2IP/WNT4/MIR145/AXIN2/TGFB1I1/ENG/WNT2/MDK/SEMA6A/RDH10/FERMT2/SMAD7/SEMA3F/EZH2/CFL1/HNRNPAB/ERBB3/TBX2/FAM83D/PITX2/DKK1/LOXL3/EMP2/CORO1C/FOXC2/SEMA3B/TGFB1/ACTG2/MIR221/RBM24/BMP4/RGCC/SNAI1/ACTA2/NOG/EDN1/SFRP1/SEMA7A/HEYL/SOX8/BAMBI/FGFR2/ACTC1
GO:1903799	negative regulation of miRNA processing	6	0.917608157450683	1.77167245350855	0.0016863926868714	0.028218832038753	0.0234614096782646	849	tags=33%, list=4%, signal=32%	IL6/TP53
GO:0003002	regionalization	331	-0.347051640283848	-1.39558031318586	0.00168975551115567	0.028218832038753	0.0234614096782646	2263	tags=21%, list=12%, signal=19%	NR2F2/GPC3/SSBP3/TAF10/GDNF/LRP5/CYP26B1/SKI/EED/AP1B1/NBL1/HES4/GSC/TIGD5/C2CD3/NCLN/TRA2B/ACD/EXT1/HES6/SMARCD3/CELSR2/TGIF1/CITED2/IRX2/MNS1/AXIN2/TMEM107/ENG/WNT2/LMX1B/SEMA3F/ETS2/FGF1/CHSY1/GLI2/EMX2/TBX2/IRX3/PITX2/STIL/NDRG4/DKK1/WNT8B/DZIP1L/EN1/DAW1/SRF/DAAM2/XRCC2/HHIP/FOXC2/SMAD6/DNAH11/NKD1/MICAL2/LFNG/BMP4/PLXNA2/AURKA/SNAI1/NOG/EDN1/FZD5/WNT2B/SFRP1/HEYL/FGFR2/GREM2
GO:2000831	regulation of steroid hormone secretion	20	0.687907109505142	1.78991624406781	0.00175153154307324	0.0290435775869599	0.0241471110978071	1275	tags=30%, list=7%, signal=28%	CYP19A1/AGTR1/C1QTNF1/NKX3-1/DAB2/GDF9
GO:0002069	columnar/cuboidal epithelial cell maturation	8	-0.844674123658536	-1.73885245517743	0.00176172934680232	0.0290724833525568	0.0241711436306845	378	tags=62%, list=2%, signal=61%	XBP1/GPAT4/TGFB1/GATA2/FZD5
GO:2000253	positive regulation of feeding behavior	7	-0.869395640004481	-1.71849298931791	0.00181041318593883	0.0296604220163392	0.0246599615178936	1396	tags=43%, list=7%, signal=40%	CFAP20/SGIP1/NR4A3
GO:0060513	prostatic bud formation	7	-0.868535765994349	-1.71679331728125	0.00181041318593883	0.0296604220163392	0.0246599615178936	199	tags=43%, list=1%, signal=42%	FGF10/BMP4/NOG
GO:0030072	peptide hormone secretion	202	-0.388276826236007	-1.4885862060827	0.00182529199231798	0.0297852816559562	0.0247637710289787	3395	tags=28%, list=17%, signal=24%	PRKCA/BAIAP3/FKBP1B/ORAI1/GNAS/RAB11FIP5/MIDN/NKX6-1/C2CD2L/ADCY8/FOXO1/PICK1/ITPR1/STX1A/ADCY5/EIPR1/SOX4/RAF1/LRP5/PPARD/TOR2A/MPC2/GNAI1/CHRM3/RAB11B/CPT1A/PRKACA/PSMD9/SIDT2/TRH/GPR27/IRS1/EPHA5/DYNLL1/ABAT/ITSN1/PLCB1/RIMS2/TFAP2B/SLC25A22/LRRC8A/GNA11/RAPGEF3/TRPM4/PFKL/PASK/UCP2/DRD2/RBP4/ADRA2C/RASL10B/KCNB1/ADRA2A/EDN1/AQP1/LEP/NMU
GO:0050673	epithelial cell proliferation	396	0.339664250111057	1.4010582926333	0.00185474368838233	0.0301460122658261	0.0250636859443098	1009	tags=14%, list=5%, signal=13%	TNFAIP3/CCL2/ST8SIA1/NFKBIZ/CYP7B1/SFRP2/IL6/GDF5/CDKN2B/TGFBR3/FAP/HAS2/CD34/CXCL12/AGTR1/MCC/ADAM17/SERPINF1/VDR/ZFP36L1/BMPER/HGF/NGFR/PRDM1/GATA6/LGR4/EYA1/F3/PTCH1/RICTOR/ITGA4/ESR1/CD109/NKX3-1/RUNX2/PTPRK/NR1D1/FLCN/PEX2/FOXP2/NEAT1/DAB2/ROBO1/PPARG/CDH13/PRKX/HLX/COL4A3/JAG1/GLI1/MMP14/CFLAR/ERN1/B2M/VEGFC
GO:0002689	negative regulation of leukocyte chemotaxis	16	0.758783351048881	1.88984054409023	0.00191471682628099	0.0309980191520993	0.0257720527037883	102	tags=25%, list=1%, signal=25%	TNFAIP6/CCL2/CYP19A1/DPP4
GO:0042113	B cell activation	228	0.381203881674133	1.49089101663627	0.00192262887928215	0.0310038071535321	0.0257768649041178	849	tags=10%, list=4%, signal=10%	CFB/C3/TNFAIP3/NFKBIZ/IL6/BCL3/TNFSF13B/ADAM17/ZFP36L1/IFNE/TNFRSF21/ADA/PIK3R1/FNIP1/CYLD/TRAF3IP2/ITGA4/LIG4/PMS2/EPHB2/VCAM1/MMP14/TP53
GO:0034329	cell junction assembly	464	-0.325588031353336	-1.35110365500682	0.00191944905440586	0.0310038071535321	0.0257768649041178	3680	tags=29%, list=19%, signal=24%	TRPV4/ZDHHC8/CDH4/RTN4R/TBCD/PKP3/EFNB2/MYOC/ACVRL1/NTRK2/THY1/PCDHB10/CRK/PRKCA/TRIP6/ROCK1/WDPCP/LRFN3/AGT/PRICKLE1/FGFR1/STON1/FBXO45/CHD4/RHOA/ICAM5/FLRT2/RHOD/MAP1B/CLASP2/SLITRK1/PLXND1/LAMA3/SPTBN2/TLN2/ARF6/LRFN1/EIF4G1/ARL2/CTTN/NPHP4/DUSP3/PIP5K1C/CDH19/ARHGEF7/LIN7B/MEF2C/RAP1B/FLOT1/KIRREL3/POLDIP2/F11R/SIGMAR1/ZDHHC12/TAOK2/SDC4/CLSTN2/SRC/NECTIN3/NEDD8/PPP1R9B/NPTN/JAM3/PLXNA3/CDH11/ECT2/GJC1/MPP7/GJD3/NEGR1/PTPRO/PLEC/CD9/PRKACA/PLXNA1/NECTIN1/UBE2M/PLXNA4/LRRC4/VLDLR/CASKIN1/EPHB3/WNT4/NCKIPSD/NPAS4/FERMT2/SMAD7/FLRT3/PTK2B/CTNNA1/CRMP1/PIP5K1A/AJUBA/CFL1/LZTS1/VCL/CDH6/TNS1/TEK/TLN1/DLC1/ITGA6/DOCK10/IRX3/DBNL/THBS1/DAPK3/RHOC/DKK1/ARHGAP33/SH3BP1/CORO1C/SRF/ACTG1/FZD1/FSCN1/PKP4/MYO1C/EPHA2/DRD2/PDLIM5/ACTB/CDH24/MDGA1/WDR1/LRRN3/GPC4/ACTN1/BDNF/PLXNA2/SNAI1/LIMCH1/FZD5/SFRP1/SORBS1
GO:0090206	negative regulation of cholesterol metabolic process	9	0.855730486406237	1.84059906023427	0.00193568161423868	0.0311530876268061	0.0259009781323207	87	tags=22%, list=0%, signal=22%	CH25H/INSIG1
GO:0045104	intermediate filament cytoskeleton organization	61	-0.520135322609762	-1.66767814640325	0.00195282994299015	0.0312609237907712	0.0259906341612252	3031	tags=30%, list=16%, signal=25%	DNAJB6/ERBIN/SYNM/NEFM/ARHGEF28/RAF1/EPPK1/PLEC/INA/NDEL1/DSP/KRT80/NEFH/DES/NES/KRT19/KRT7/KRT18
GO:0140895	cell surface toll-like receptor signaling pathway	68	0.52591280245359	1.74561572216829	0.00202502076566509	0.0319641739318827	0.0265753231251149	2374	tags=29%, list=12%, signal=26%	TNFAIP3/IRAK2/NFKBIA/SQSTM1/NMI/PIK3R1/PRKCE/LY96/NR1D1/IFI35/TRAF3/TLR1/TLR2/TLR6/NINJ1/TRIL/RIPK2/ECSIT/APPL1/LETMD1
GO:0006119	oxidative phosphorylation	121	-0.425183310414995	-1.50746683586591	0.00203389080854823	0.0320425638321764	0.0266404972458192	5340	tags=49%, list=27%, signal=36%	UQCC3/CYC1/BCL2L13/SDHAF2/ATP5F1D/ATP5PD/COX4I2/COX6A1/MTCH2/NDUFV3/NDUFB4/UQCRH/SDHB/CHCHD2/NDUFB7/PARK7/NDUFAB1/ATP5F1B/COX4I1/NDUFA7/NDUFS8/NDUFB6/STOML2/NDUFB8/UQCR10/NDUFS6/ABCD1/CYCS/NDUFA6/NDUFA8/NDUFC1/ATP5ME/ATP5MF/ATP5MG/RHOA/DNAJC30/NDUFAF1/COX6B1/UQCR11/NDUFA12/COX8A/NDUFA13/NDUFA11/COX7A2/UQCRC1/NDUFB11/NDUFA1/NDUFB2/NDUFA3/ATP5F1E/PINK1/COX5B/VCP/ATP5IF1/MSH2/COX7A1/AK4/CCNB1/CDK1
GO:0038083	peptidyl-tyrosine autophosphorylation	8	-0.840900630320009	-1.73108431362732	0.00206111305646379	0.0322487896706726	0.0268119554010171	1790	tags=50%, list=9%, signal=45%	NRG1/IGF1R/PTK2B/DDR1
GO:0071356	cellular response to tumor necrosis factor	195	0.38634771451774	1.47762175965421	0.00206269670773674	0.0322487896706726	0.0268119554010171	1671	tags=22%, list=9%, signal=20%	TNFAIP3/CCL2/CXCL8/ZC3H12A/NFKBIA/GBP2/BIRC3/TNFSF13B/HAS2/POSTN/TNFRSF14/ADAM17/CHI3L1/ZFP36L1/TNFRSF21/EDA2R/CYLD/TRAF3IP2/RFFL/NKX3-1/NR1D1/ASS1/CARD8/VCAM1/NFE2L2/TP53/ADAMTS13/TRAF3/CD58/NFKB1/TIFA/CASP1/JAK2/CASP4/RORA/FOXO3/NSMAF/SIRT1/CASP8/STAT1/CLDN1/TNFRSF1B/CCDC3
GO:0051383	kinetochore organization	21	-0.688245340726303	-1.78046448037467	0.00210158248822076	0.0327320475584743	0.0272137406793871	2140	tags=62%, list=11%, signal=55%	CENPH/SMC2/SMC4/CENPK/CENPF/CENPA/KNTC1/DLGAP5/CENPW/NDC80/CENPX/CENPE/NUF2
GO:0001964	startle response	22	-0.673429402674561	-1.74893084824173	0.0021182073356086	0.0328042373786328	0.0272737599935463	1391	tags=32%, list=7%, signal=30%	BACE1/TUBA1A/KCNA1/DRD2/MDGA1/NPAS1/PENK
GO:0019883	antigen processing and presentation of endogenous antigen	26	0.655339940219249	1.81773454720142	0.00214502163177057	0.0330681519736397	0.0274931811384408	3545	tags=46%, list=18%, signal=38%	ERAP1/ERAP2/TAPBP/TAP1/B2M/HLA-B/TAP2/ULBP1/HLA-F/HLA-A/RAET1G/HLA-C
GO:2000627	positive regulation of miRNA catabolic process	5	0.917422461380699	1.67459162940637	0.00214733491739156	0.0330681519736397	0.0274931811384408	665	tags=60%, list=3%, signal=58%	ZC3H12A/DNM3OS/NEAT1
GO:0050691	regulation of defense response to virus by host	36	0.636755541751187	1.87658063761899	0.00215187882342276	0.0330760700049701	0.0274997642662128	833	tags=19%, list=4%, signal=19%	TNFAIP3/ZC3H12A/PARP9/TRIM22/DTX3L/TRAF3IP2/APOBEC3G
GO:0034612	response to tumor necrosis factor	210	0.383099887327782	1.48585829546576	0.0021735065461604	0.0333460593100646	0.0277242359837833	2281	tags=26%, list=12%, signal=23%	TNFAIP3/CCL2/CXCL8/ZC3H12A/NFKBIA/GBP2/BIRC3/GCH1/TNFSF13B/HAS2/POSTN/TNFRSF14/ADAM17/CHI3L1/ZFP36L1/TNFRSF21/EDA2R/CYLD/TRAF3IP2/RFFL/NKX3-1/NR1D1/ASS1/CARD8/VCAM1/NMNAT3/NFE2L2/TP53/ADAMTS13/TRAF3/CD58/NFKB1/TIFA/CASP1/JAK2/SLC22A5/CASP4/RORA/FOXO3/NSMAF/SIRT1/CASP8/STAT1/CLDN1/TNFRSF1B/CCDC3/PRKN/FOXP1/YTHDC2/ULK1/TNFRSF1A/ASAH1/LIMS1/BIRC2
GO:0015670	carbon dioxide transport	8	-0.83637002281318	-1.72175757119963	0.00223727244517981	0.0341965218436422	0.0284313187535052	862	tags=38%, list=4%, signal=36%	AQP5/CA2/AQP1
GO:0050926	regulation of positive chemotaxis	24	0.680258135699741	1.86820114927644	0.00228313516581322	0.0347680397792114	0.0289064842885795	1022	tags=29%, list=5%, signal=28%	CXCL8/IL16/CXCL12/F3/CDH13/VEGFC/ITGA2
GO:0048242	epinephrine secretion	5	-0.899793910615152	-1.62632847333105	0.00234018697765808	0.0353743180711188	0.0294105499198552	231	tags=60%, list=1%, signal=59%	ADRA2B/ADRA2C/ADRA2A
GO:0051602	response to electrical stimulus	28	0.6546917902757	1.85143718432742	0.00246095949703698	0.036527225229077	0.0303690880732669	398	tags=14%, list=2%, signal=14%	SOD2/MMP2/P2RX7/FZD3
GO:0071593	lymphocyte aggregation	5	-0.898197142572497	-1.62344240208469	0.00248759737454437	0.0367895481986671	0.0305871859254076	1967	tags=80%, list=10%, signal=72%	STK10/MSN/RAC2/JAM2
GO:1900264	positive regulation of DNA-directed DNA polymerase activity	9	-0.836355145260664	-1.7816754196986	0.00253979143818251	0.0374132400320741	0.0311057293433796	2070	tags=78%, list=11%, signal=70%	PCNA/RFC4/CHTF8/CHTF18/RFC5/RFC3/RFC2
GO:0006491	N-glycan processing	20	0.6791688230468	1.76717945204897	0.00263525344348059	0.0383513479859728	0.0318856813626066	1116	tags=25%, list=6%, signal=24%	ST8SIA1/MAN1A1/MAN1C1/FUT8/MAN2A1
GO:0046314	phosphocreatine biosynthetic process	5	-0.895957825757802	-1.61939495893846	0.00263500793173266	0.0383513479859728	0.0318856813626066	40	tags=40%, list=0%, signal=40%	CKMT2/CKB
GO:0007250	activation of NF-kappaB-inducing kinase activity	10	0.840096103893027	1.84854348673496	0.00267918685651718	0.0388529429651819	0.0323027122759919	2014	tags=70%, list=10%, signal=63%	TLR3/CHI3L1/COPS8/TNFSF15/TLR6/TNFRSF10B/ZFP91
GO:0043903	regulation of biological process involved in symbiotic interaction	32	0.656515766158361	1.88391502349037	0.00270010308079219	0.0389471456426141	0.0323810332924319	20	tags=9%, list=0%, signal=9%	CXCL6/CH25H/CXCL8
GO:0072073	kidney epithelium development	128	-0.427259554355589	-1.52519824796776	0.0027046628918482	0.0389471456426141	0.0323810332924319	3236	tags=35%, list=17%, signal=29%	AGT/FGFR1/LAMB2/DLL1/TMEM59L/WWTR1/NOTCH1/GDF11/PKD1/MEF2C/LZTS2/SLIT2/KLF15/SPRY1/GPC3/GDNF/SDC4/PTPRO/WNK4/ILK/EXT1/RARB/YAP1/IRX2/WNT4/TFAP2B/SMAD7/FGF1/CRLF1/MTSS1/MAGED1/MYO1E/IRX3/FOXC2/SMAD6/TGFB1/BMP4/NOG/EDN1/AQP1/WNT2B/SFRP1/HEYL/SOX8/FGFR2
GO:0044089	positive regulation of cellular component biogenesis	467	-0.327490063056229	-1.35592055254861	0.00272672991521179	0.0391961456113106	0.0325880542728695	3552	tags=28%, list=18%, signal=24%	MYOC/ACVRL1/NR1H2/NTRK2/THY1/STUB1/FCHSD2/TSG101/NEK7/RAB7A/PRKCA/UBAP2L/ROCK1/SASS6/AGT/TLR4/RHOA/DCTN1/FLRT2/GPSM2/RAB11FIP3/MAP1B/CLASP2/ERCC1/SLITRK1/TESK1/PFN2/TRABD2A/C15orf62/VPS4A/GRB2/PIEZO1/ARF6/PALM/EIF4G1/HSPA1B/ARL2/CTTN/FAM98A/BAIAP2/NPHP4/EPS8L1/FCHSD1/RAP1B/TRABD2B/NCK2/FLOT1/PIP4K2A/KCTD17/POLDIP2/ABHD17A/ACTR2/TGFB3/AKIRIN1/NUP62/ATP13A2/SDC4/CLSTN2/SRC/MPP7/NRG1/NF2/SLF1/KIT/ARPC2/PPP1R35/PINK1/SWAP70/VCP/MSN/MYD88/PPP2R5B/CDC42EP2/NDEL1/AKT1/LDB2/RAC2/LIMA1/DAB2IP/MNS1/BAIAP2L1/EPHB3/WNT4/PFN1/MAPRE1/HSP90AA1/KCNK6/MTLN/RASIP1/SYNPO2/FERMT2/FLRT3/PTK2B/BMF/AUTS2/NAV3/RIPOR2/AJUBA/PLK4/FLNA/CFL1/RAPGEF3/TEK/SYNPO/HAS3/PSRC1/MTSS1/IRX3/RHOC/STIL/VASP/CDC42EP1/HSPA1A/SRF/MET/CARMIL2/FSCN1/SDC1/TPM1/TGFB1/EPHA2/LATS2/SPAG5/LRRN3/ANLN/SKA1/BDNF/RGCC/CDK2/LIMCH1/SFRP1/LMOD1/TENM2
GO:0008300	isoprenoid catabolic process	8	0.852111227384526	1.782242856617	0.00278899853128184	0.039951308804121	0.0332159042496558	62	tags=25%, list=0%, signal=25%	AKR1B10/AKR1C3
GO:0030183	B cell differentiation	119	0.434289219790706	1.55952345694861	0.00279973629191731	0.0400271670399203	0.0332789735200322	849	tags=13%, list=4%, signal=13%	CFB/NFKBIZ/IL6/BCL3/TNFSF13B/ADAM17/ZFP36L1/ADA/PIK3R1/FNIP1/CYLD/TRAF3IP2/ITGA4/VCAM1/MMP14/TP53
GO:0006910	phagocytosis, recognition	26	0.647483335810973	1.79594246590108	0.00283958163506698	0.0403240243263492	0.03352578353695	769	tags=19%, list=4%, signal=18%	C3/C1R/C1S/C2/PTX3
GO:0006904	vesicle docking involved in exocytosis	40	-0.587888216209774	-1.73428937674433	0.00287707452102837	0.0406490226021292	0.0337959902443833	3437	tags=38%, list=18%, signal=31%	EXOC6/RAB11FIP3/SNPH/VTI1B/ARF6/STXBP1/STX1A/VPS18/RAB8A/YKT6/RIMS2/RIMS3/UNC13A/KCNB1/RIMS1
GO:0051153	regulation of striated muscle cell differentiation	77	-0.479184260654351	-1.59703179960828	0.00289608990761061	0.0407737666580924	0.0338997036581016	2897	tags=27%, list=15%, signal=23%	DLL1/NOTCH1/PIEZO1/CTDP1/SOX6/MEF2C/RGS2/CYP26B1/NRG1/FZD7/EZH2/PI16/DKK1/DMPK/HDAC5/TGFB1/RGS4/RBM24/BMP4/BDNF/EDN1
GO:0006749	glutathione metabolic process	43	0.581656761717159	1.76227004847146	0.00293245516805785	0.041206137135542	0.034259180651703	2023	tags=23%, list=10%, signal=21%	SOD2/SLC7A11/GCLM/GCLC/IDH1/NFE2L2/GSR/GSTM5/GSTA4/GSTZ1
GO:0003085	negative regulation of systemic arterial blood pressure	16	0.74299669435756	1.85052199047456	0.00305214212731525	0.0423891414230179	0.0352427418494698	563	tags=12%, list=3%, signal=12%	SOD2/ARHGAP42
GO:0006335	DNA replication-dependent chromatin assembly	6	-0.886853722278708	-1.68612767837013	0.00316142286653298	0.0435385216250045	0.0361983476576003	374	tags=50%, list=2%, signal=49%	CHAF1B/CHAF1A/ASF1B
GO:0032612	interleukin-1 production	92	0.457670875299718	1.59799894318124	0.00321394038078134	0.0438632932839556	0.0364683659536119	2575	tags=23%, list=13%, signal=20%	TNFAIP3/ZC3H12A/IL6/IL16/S1PR3/P2RX7/TRIM16/IFI16/CARD8/PANX2/CX3CL1/CASP1/TLR6/JAK2/CASP8/FOXP1/RIPK2/IL1R2/NAIP/PANX1/ARG2
GO:0051047	positive regulation of secretion	272	-0.352401424232426	-1.39053190663489	0.00320386763390556	0.0438632932839556	0.0364683659536119	3739	tags=28%, list=19%, signal=23%	DTNBP1/SLC12A2/CAPN10/GIP/OXCT1/NR1H2/ADORA1/TSG101/RAB7A/PRKCA/BAIAP3/IL4R/ORAI1/FGFR1/TLR4/NKX6-1/C2CD2L/ADCY8/CLASP2/VPS4A/ARF6/STXBP1/KMO/ANXA2/ITPR1/STX1A/MYO18A/FRMD4A/TGFB3/SOX4/GDNF/ATP13A2/PPARD/SDC4/PARD6A/MPC2/PTPN23/CHRM3/GRK2/NEGR1/PRKACA/PSMD9/TRH/PINK1/GPR27/RAB15/DYNLL1/ABAT/KCNN4/ITSN1/PLCB1/MIF/EXPH5/LRRC8A/CYBA/GNA11/BMP6/PTGES/TRPM4/ITGB2/INHBA/ADORA2B/SDC1/TGFB1/DRD2/RBP4/GATA2/RGCC/RASL10B/KCNB1/MYOM1/EDN1/AQP1/MYH10/LEP/ANKRD1/NMU
GO:0051601	exocyst localization	5	0.908796363740494	1.65884622147186	0.0033586278749605	0.0451188504053613	0.0375122482786957	9	tags=20%, list=0%, signal=20%	TNFAIP2
GO:0090087	regulation of peptide transport	170	-0.389990466900592	-1.46466548627439	0.00335492781508092	0.0451188504053613	0.0375122482786957	3465	tags=31%, list=18%, signal=25%	ADORA1/PRKCA/BAIAP3/FKBP1B/ORAI1/GNAS/MIDN/NKX6-1/C2CD2L/ADCY8/FOXO1/PICK1/ITPR1/STX1A/ADCY5/EIPR1/SOX4/LRP5/PPARD/MPC2/GNAI1/CHRM3/CPT1A/PRKACA/PSMD9/SIDT2/TRH/GPR27/IRS1/EPHA5/DYNLL1/ABAT/ITSN1/PLCB1/TFAP2B/SLC25A22/LRRC8A/GNA11/CA2/RAPGEF3/TRPM4/PFKL/PASK/UCP2/DRD2/RBP4/ADRA2C/RASL10B/KCNB1/ADRA2A/LEP/NMU
GO:0033687	osteoblast proliferation	30	-0.607505074249486	-1.67327945272624	0.00344283303799479	0.0458746324283462	0.0381406127568698	2143	tags=33%, list=11%, signal=30%	LRP5/NF2/MUS81/AXIN2/FBLN5/HPSE/NPR3/SFRP1/SOX8/FGFR2
GO:0043534	blood vessel endothelial cell migration	134	-0.412986198587425	-1.49336580260073	0.00347638504411287	0.0460972026527923	0.038325659792507	691	tags=30%, list=4%, signal=29%	EFNB2/ACVRL1/PRKCA/MIR410/AKT3/CARD10/CTNND1/FGFR1/RHOA/NOTCH1/MEOX2/MIR23A/MEF2C/SLIT2/MIR24-1/PLCG1/TMSB4X/CIB1/AKT1/PACSIN2/MICALL1/THBS1/EMP2/SH3BP1/SRF/HDAC5/MYH9/FOXC2/EHD4/TGFB1/HSPB1/EPHA2/GATA2/EGR3/MIR221/RGCC/ID1/MAP2K3/PTGS2/NR4A1
GO:0002790	peptide secretion	209	-0.375232582774291	-1.44330744612076	0.00347242869003781	0.0460972026527923	0.038325659792507	3725	tags=30%, list=19%, signal=24%	CAPN10/GIP/TRPV4/OXCT1/ADORA1/PRKCA/BAIAP3/FKBP1B/ORAI1/GNAS/RAB11FIP5/MIDN/NKX6-1/C2CD2L/ADCY8/FOXO1/PICK1/ITPR1/STX1A/ADCY5/EIPR1/SOX4/RAF1/LRP5/PPARD/TOR2A/MPC2/GNAI1/CHRM3/RAB11B/CPT1A/PRKACA/PSMD9/SIDT2/TRH/GPR27/IRS1/EPHA5/DYNLL1/ABAT/ITSN1/PLCB1/RIMS2/TFAP2B/SLC25A22/LRRC8A/GNA11/RAPGEF3/TRPM4/PFKL/PASK/UCP2/DRD2/RBP4/ADRA2C/RASL10B/KCNB1/ADRA2A/EDN1/AQP1/LEP/NMU
GO:0031128	developmental induction	30	-0.606887050362194	-1.67157720081801	0.00350968208476707	0.0462399206288413	0.0384443168970938	1159	tags=33%, list=6%, signal=31%	SPRY1/GDNF/WNT4/WNT2/FGF1/DKK1/BMP4/FZD5/WNT2B/SOX8
GO:0006879	intracellular iron ion homeostasis	64	0.519676895456474	1.70497173659146	0.00353580189020135	0.0464349790636363	0.038606490364927	1956	tags=27%, list=10%, signal=24%	SLC39A8/STEAP2/STEAP4/SCARA5/SLC39A14/FTH1/SLC11A2/ACO1/B2M/ABCB6/CP/ABCB7/FRRS1/TFRC/ISCU/SMAD1/MYC
GO:0141161	regulation of cAMP/PKA signal transduction	36	-0.586878452646296	-1.69581081598384	0.00353190422139304	0.0464349790636363	0.038606490364927	1440	tags=25%, list=7%, signal=23%	PDE1C/PDE5A/MIF/PDE3A/PDE10A/PDE7B/PDE9A/PDE4D/PDE4B
GO:0034340	response to type I interferon	78	0.484662569952849	1.64898336511258	0.00367327057348621	0.0478574680431346	0.0397891614501438	2361	tags=23%, list=12%, signal=20%	CH25H/IFIH1/MX1/RBM47/IFNE/IFNAR2/NLRC5/IKBKE/SP100/TRAF3/SAMHD1/IRF7/STAT1/IFIT1/AZI2/JAK1/IFNAR1/TRIM6
GO:0090130	tissue migration	101	-0.44759496700826	-1.5542846215577	0.00373092917115884	0.0484548522735312	0.0402858324727228	3354	tags=36%, list=17%, signal=30%	ROCK1/WDPCP/CD63/CORO1A/CLASP2/IQSEC1/TESK1/PFN2/ARF6/ADIPOR1/ARHGAP5/ARSB/PPARD/PLCG1/SRC/PTPN23/EPPK1/PKN3/KIT/DAB2IP/DOCK5/PFN1/CTSH/EPB41L4B/HBEGF/CORO1C/DAAM2/FGF7/KANK1/ACTG2/MIR221/ANLN/SNAI1/ACTA2/ITGA3/ACTC1
GO:0042130	negative regulation of T cell proliferation	56	-0.509153846333285	-1.60551692709592	0.00377843219495961	0.0489169896785938	0.0406700579776243	2185	tags=25%, list=11%, signal=22%	PDCD1LG2/SDC4/TMEM131L/ERBB2/RIPOR2/PLA2G5/PAWR/SLC4A2/TGFB1/LRRC32/CD274/BMP4/VSIR/PLA2G2A
GO:1990778	protein localization to cell periphery	334	-0.336305266534217	-1.3542424091983	0.00384199460571594	0.0496615617696322	0.0412891024100397	4483	tags=33%, list=23%, signal=26%	RAB11FIP2/NETO2/PGRMC1/MACF1/ANXA13/PDPK1/TSPAN15/ZFYVE27/BSG/CDH1/FGF13/ZDHHC5/AKAP5/TTC7B/SIRT6/CNPY4/DCHS1/PACS1/RHOG/SCRIB/CAV1/NUBP1/CSK/HRAS/KIF5B/ARL13B/ZDHHC8/PLS1/RER1/RAB34/NSF/RANGRF/PKP3/SEC16A/RAB7A/ROCK1/SEC23A/FLOT2/OLFM1/NSG1/GPSM2/PRKCI/RAB11FIP3/CAMK2B/PKDCC/MESD/VTI1B/NETO1/VPS4A/ARF6/PALM/EIF4G1/STXBP1/ZDHHC23/CNST/GAS6/RAB31/RAB26/FLOT1/INPP5K/F11R/VAMP5/EHD3/PPP1R9B/GGA3/CIB1/ABCA2/GNAI1/GBP1/RAB8A/BCL2L1/STAC2/WNK4/ILK/DAG1/ERBB2/KCNIP3/AP2M1/AKT1/EHD2/SLC1A1/TTC7A/EFR3B/PICALM/LDLRAP1/FRMD8/PIP5K1A/FLNA/MAP2K1/ATP1B1/SAPCD2/EMP2/PLK1/CACNB3/EZR/EHD4/STAC/TGFB1/ANK1/EPHA2/ACTB/GPC4/KIF2C/EHD1/KCNB1/MYADM/ITGA3/SORBS1/RAMP1/KRT18
